,Code,Sector,Year_Quarter,Value,Year,Quarter,Start_Year,Month,Year_Adjusted,Date
0,A,"Agriculture, forestry and fishing",2010/11-Q1,116306.0,2010/11,Q1,2010,7,2010,2010-07-01
1,B,Mining and quarrying,2010/11-Q1,2423.0,2010/11,Q1,2010,7,2010,2010-07-01
2,C,Manufacturing,2010/11-Q1,21605.0,2010/11,Q1,2010,7,2010,2010-07-01
3,D,"Electricity, gas, steam and air conditioning supply",2010/11-Q1,3378.0,2010/11,Q1,2010,7,2010,2010-07-01
4,E,"Water supply; sewerage, waste management ",2010/11-Q1,2285.0,2010/11,Q1,2010,7,2010,2010-07-01
5,F,Construction,2010/11-Q1,26227.0,2010/11,Q1,2010,7,2010,2010-07-01
6,G,Wholesale and retail trade; repair of motor vehicles & motorcycles,2010/11-Q1,54615.0,2010/11,Q1,2010,7,2010,2010-07-01
7,H,Transportation and storage,2010/11-Q1,18564.0,2010/11,Q1,2010,7,2010,2010-07-01
8,I,Accommodation and food service activities,2010/11-Q1,5661.0,2010/11,Q1,2010,7,2010,2010-07-01
9,J,Information and communication,2010/11-Q1,6661.0,2010/11,Q1,2010,7,2010,2010-07-01
10,K,Financial and insurance activities,2010/11-Q1,16800.0,2010/11,Q1,2010,7,2010,2010-07-01
11,L,Real estate activities,2010/11-Q1,35652.0,2010/11,Q1,2010,7,2010,2010-07-01
12,M,"Professional, scientific and technical activities",2010/11-Q1,3070.0,2010/11,Q1,2010,7,2010,2010-07-01
13,N,Administrative and support service activities,2010/11-Q1,1436.0,2010/11,Q1,2010,7,2010,2010-07-01
14,O,Public administration and defence; compulsory social security,2010/11-Q1,15700.0,2010/11,Q1,2010,7,2010,2010-07-01
15,P,Education,2010/11-Q1,18282.0,2010/11,Q1,2010,7,2010,2010-07-01
16,Q,Human health and social work activities,2010/11-Q1,4120.0,2010/11,Q1,2010,7,2010,2010-07-01
17,"R, S, T","Arts, entertainment and recreation; Other service activities; and Activities of households as employers",2010/11-Q1,1666.58027783027,2010/11,Q1,2010,7,2010,2010-07-01
19,A,"Agriculture, forestry and fishing",2010/11-Q2,129228.0,2010/11,Q2,2010,10,2010,2010-10-01
20,B,Mining and quarrying,2010/11-Q2,2260.0,2010/11,Q2,2010,10,2010,2010-10-01
21,C,Manufacturing,2010/11-Q2,20900.0,2010/11,Q2,2010,10,2010,2010-10-01
22,D,"Electricity, gas, steam and air conditioning supply",2010/11-Q2,3571.0,2010/11,Q2,2010,10,2010,2010-10-01
23,E,"Water supply; sewerage, waste management ",2010/11-Q2,2291.0,2010/11,Q2,2010,10,2010,2010-10-01
24,F,Construction,2010/11-Q2,24310.0,2010/11,Q2,2010,10,2010,2010-10-01
25,G,Wholesale and retail trade; repair of motor vehicles & motorcycles,2010/11-Q2,56958.0,2010/11,Q2,2010,10,2010,2010-10-01
26,H,Transportation and storage,2010/11-Q2,19466.0,2010/11,Q2,2010,10,2010,2010-10-01
27,I,Accommodation and food service activities,2010/11-Q2,6067.0,2010/11,Q2,2010,10,2010,2010-10-01
28,J,Information and communication,2010/11-Q2,7681.0,2010/11,Q2,2010,10,2010,2010-10-01
29,K,Financial and insurance activities,2010/11-Q2,17012.0,2010/11,Q2,2010,10,2010,2010-10-01
30,L,Real estate activities,2010/11-Q2,35797.0,2010/11,Q2,2010,10,2010,2010-10-01
31,M,"Professional, scientific and technical activities",2010/11-Q2,3051.0,2010/11,Q2,2010,10,2010,2010-10-01
32,N,Administrative and support service activities,2010/11-Q2,1399.0,2010/11,Q2,2010,10,2010,2010-10-01
33,O,Public administration and defence; compulsory social security,2010/11-Q2,16637.0,2010/11,Q2,2010,10,2010,2010-10-01
34,P,Education,2010/11-Q2,19567.0,2010/11,Q2,2010,10,2010,2010-10-01
35,Q,Human health and social work activities,2010/11-Q2,4394.0,2010/11,Q2,2010,10,2010,2010-10-01
36,"R, S, T","Arts, entertainment and recreation; Other service activities; and Activities of households as employers",2010/11-Q2,1646.58027783027,2010/11,Q2,2010,10,2010,2010-10-01
38,A,"Agriculture, forestry and fishing",2010/11-Q3,119720.0,2010/11,Q3,2010,1,2011,2011-01-01
39,B,Mining and quarrying,2010/11-Q3,1925.0,2010/11,Q3,2010,1,2011,2011-01-01
40,C,Manufacturing,2010/11-Q3,20500.0,2010/11,Q3,2010,1,2011,2011-01-01
41,D,"Electricity, gas, steam and air conditioning supply",2010/11-Q3,3614.0,2010/11,Q3,2010,1,2011,2011-01-01
42,E,"Water supply; sewerage, waste management ",2010/11-Q3,2263.0,2010/11,Q3,2010,1,2011,2011-01-01
43,F,Construction,2010/11-Q3,21081.0,2010/11,Q3,2010,1,2011,2011-01-01
44,G,Wholesale and retail trade; repair of motor vehicles & motorcycles,2010/11-Q3,55352.0,2010/11,Q3,2010,1,2011,2011-01-01
45,H,Transportation and storage,2010/11-Q3,19775.0,2010/11,Q3,2010,1,2011,2011-01-01
46,I,Accommodation and food service activities,2010/11-Q3,6354.0,2010/11,Q3,2010,1,2011,2011-01-01
47,J,Information and communication,2010/11-Q3,8450.0,2010/11,Q3,2010,1,2011,2011-01-01
48,K,Financial and insurance activities,2010/11-Q3,18228.0,2010/11,Q3,2010,1,2011,2011-01-01
49,L,Real estate activities,2010/11-Q3,35939.0,2010/11,Q3,2010,1,2011,2011-01-01
50,M,"Professional, scientific and technical activities",2010/11-Q3,3097.0,2010/11,Q3,2010,1,2011,2011-01-01
51,N,Administrative and support service activities,2010/11-Q3,1410.0,2010/11,Q3,2010,1,2011,2011-01-01
52,O,Public administration and defence; compulsory social security,2010/11-Q3,16049.0,2010/11,Q3,2010,1,2011,2011-01-01
53,P,Education,2010/11-Q3,18915.0,2010/11,Q3,2010,1,2011,2011-01-01
54,Q,Human health and social work activities,2010/11-Q3,4230.0,2010/11,Q3,2010,1,2011,2011-01-01
55,"R, S, T","Arts, entertainment and recreation; Other service activities; and Activities of households as employers",2010/11-Q3,1665.58027783027,2010/11,Q3,2010,1,2011,2011-01-01
57,A,"Agriculture, forestry and fishing",2010/11-Q4,115036.0,2010/11,Q4,2010,4,2011,2011-04-01
58,B,Mining and quarrying,2010/11-Q4,1908.0,2010/11,Q4,2010,4,2011,2011-04-01
59,C,Manufacturing,2010/11-Q4,21138.0,2010/11,Q4,2010,4,2011,2011-04-01
60,D,"Electricity, gas, steam and air conditioning supply",2010/11-Q4,3830.0,2010/11,Q4,2010,4,2011,2011-04-01
61,E,"Water supply; sewerage, waste management ",2010/11-Q4,2304.0,2010/11,Q4,2010,4,2011,2011-04-01
62,F,Construction,2010/11-Q4,21002.0,2010/11,Q4,2010,4,2011,2011-04-01
63,G,Wholesale and retail trade; repair of motor vehicles & motorcycles,2010/11-Q4,53199.0,2010/11,Q4,2010,4,2011,2011-04-01
64,H,Transportation and storage,2010/11-Q4,19368.0,2010/11,Q4,2010,4,2011,2011-04-01
65,I,Accommodation and food service activities,2010/11-Q4,6333.0,2010/11,Q4,2010,4,2011,2011-04-01
66,J,Information and communication,2010/11-Q4,8642.0,2010/11,Q4,2010,4,2011,2011-04-01
67,K,Financial and insurance activities,2010/11-Q4,16397.0,2010/11,Q4,2010,4,2011,2011-04-01
68,L,Real estate activities,2010/11-Q4,36084.0,2010/11,Q4,2010,4,2011,2011-04-01
69,M,"Professional, scientific and technical activities",2010/11-Q4,3148.0,2010/11,Q4,2010,4,2011,2011-04-01
70,N,Administrative and support service activities,2010/11-Q4,1449.0,2010/11,Q4,2010,4,2011,2011-04-01
71,O,Public administration and defence; compulsory social security,2010/11-Q4,15645.0,2010/11,Q4,2010,4,2011,2011-04-01
72,P,Education,2010/11-Q4,18549.0,2010/11,Q4,2010,4,2011,2011-04-01
73,Q,Human health and social work activities,2010/11-Q4,4137.0,2010/11,Q4,2010,4,2011,2011-04-01
74,"R, S, T","Arts, entertainment and recreation; Other service activities; and Activities of households as employers",2010/11-Q4,1683.58027783027,2010/11,Q4,2010,4,2011,2011-04-01
76,A,"Agriculture, forestry and fishing",2011/12-Q1,122157.0,2011/12,Q1,2011,7,2011,2011-07-01
77,B,Mining and quarrying,2011/12-Q1,2057.0,2011/12,Q1,2011,7,2011,2011-07-01
78,C,Manufacturing,2011/12-Q1,21620.0,2011/12,Q1,2011,7,2011,2011-07-01
79,D,"Electricity, gas, steam and air conditioning supply",2011/12-Q1,4057.0,2011/12,Q1,2011,7,2011,2011-07-01
80,E,"Water supply; sewerage, waste management ",2011/12-Q1,2417.0,2011/12,Q1,2011,7,2011,2011-07-01
81,F,Construction,2011/12-Q1,21459.0,2011/12,Q1,2011,7,2011,2011-07-01
82,G,Wholesale and retail trade; repair of motor vehicles & motorcycles,2011/12-Q1,53948.0,2011/12,Q1,2011,7,2011,2011-07-01
83,H,Transportation and storage,2011/12-Q1,20648.0,2011/12,Q1,2011,7,2011,2011-07-01
84,I,Accommodation and food service activities,2011/12-Q1,6280.0,2011/12,Q1,2011,7,2011,2011-07-01
85,J,Information and communication,2011/12-Q1,8978.0,2011/12,Q1,2011,7,2011,2011-07-01
86,K,Financial and insurance activities,2011/12-Q1,16685.0,2011/12,Q1,2011,7,2011,2011-07-01
87,L,Real estate activities,2011/12-Q1,36157.0,2011/12,Q1,2011,7,2011,2011-07-01
88,M,"Professional, scientific and technical activities",2011/12-Q1,3173.0,2011/12,Q1,2011,7,2011,2011-07-01
89,N,Administrative and support service activities,2011/12-Q1,1505.0,2011/12,Q1,2011,7,2011,2011-07-01
90,O,Public administration and defence; compulsory social security,2011/12-Q1,17417.0,2011/12,Q1,2011,7,2011,2011-07-01
91,P,Education,2011/12-Q1,20693.0,2011/12,Q1,2011,7,2011,2011-07-01
92,Q,Human health and social work activities,2011/12-Q1,4636.0,2011/12,Q1,2011,7,2011,2011-07-01
93,"R, S, T","Arts, entertainment and recreation; Other service activities; and Activities of households as employers",2011/12-Q1,1690.66264244319,2011/12,Q1,2011,7,2011,2011-07-01
95,A,"Agriculture, forestry and fishing",2011/12-Q2,122783.0,2011/12,Q2,2011,10,2011,2011-10-01
96,B,Mining and quarrying,2011/12-Q2,2293.0,2011/12,Q2,2011,10,2011,2011-10-01
97,C,Manufacturing,2011/12-Q2,22758.0,2011/12,Q2,2011,10,2011,2011-10-01
98,D,"Electricity, gas, steam and air conditioning supply",2011/12-Q2,4216.0,2011/12,Q2,2011,10,2011,2011-10-01
99,E,"Water supply; sewerage, waste management ",2011/12-Q2,2471.0,2011/12,Q2,2011,10,2011,2011-10-01
100,F,Construction,2011/12-Q2,23856.0,2011/12,Q2,2011,10,2011,2011-10-01
101,G,Wholesale and retail trade; repair of motor vehicles & motorcycles,2011/12-Q2,57447.0,2011/12,Q2,2011,10,2011,2011-10-01
102,H,Transportation and storage,2011/12-Q2,20773.0,2011/12,Q2,2011,10,2011,2011-10-01
103,I,Accommodation and food service activities,2011/12-Q2,6443.0,2011/12,Q2,2011,10,2011,2011-10-01
104,J,Information and communication,2011/12-Q2,9835.0,2011/12,Q2,2011,10,2011,2011-10-01
105,K,Financial and insurance activities,2011/12-Q2,17405.0,2011/12,Q2,2011,10,2011,2011-10-01
106,L,Real estate activities,2011/12-Q2,36303.0,2011/12,Q2,2011,10,2011,2011-10-01
107,M,"Professional, scientific and technical activities",2011/12-Q2,3229.0,2011/12,Q2,2011,10,2011,2011-10-01
108,N,Administrative and support service activities,2011/12-Q2,1517.0,2011/12,Q2,2011,10,2011,2011-10-01
109,O,Public administration and defence; compulsory social security,2011/12-Q2,15454.0,2011/12,Q2,2011,10,2011,2011-10-01
110,P,Education,2011/12-Q2,18568.0,2011/12,Q2,2011,10,2011,2011-10-01
111,Q,Human health and social work activities,2011/12-Q2,4139.0,2011/12,Q2,2011,10,2011,2011-10-01
112,"R, S, T","Arts, entertainment and recreation; Other service activities; and Activities of households as employers",2011/12-Q2,1779.66264244319,2011/12,Q2,2011,10,2011,2011-10-01
114,A,"Agriculture, forestry and fishing",2011/12-Q3,127420.0,2011/12,Q3,2011,1,2012,2012-01-01
115,B,Mining and quarrying,2011/12-Q3,2357.0,2011/12,Q3,2011,1,2012,2012-01-01
116,C,Manufacturing,2011/12-Q3,23735.0,2011/12,Q3,2011,1,2012,2012-01-01
117,D,"Electricity, gas, steam and air conditioning supply",2011/12-Q3,4297.0,2011/12,Q3,2011,1,2012,2012-01-01
118,E,"Water supply; sewerage, waste management ",2011/12-Q3,2549.0,2011/12,Q3,2011,1,2012,2012-01-01
119,F,Construction,2011/12-Q3,24599.0,2011/12,Q3,2011,1,2012,2012-01-01
120,G,Wholesale and retail trade; repair of motor vehicles & motorcycles,2011/12-Q3,56874.0,2011/12,Q3,2011,1,2012,2012-01-01
121,H,Transportation and storage,2011/12-Q3,20540.0,2011/12,Q3,2011,1,2012,2012-01-01
122,I,Accommodation and food service activities,2011/12-Q3,6437.0,2011/12,Q3,2011,1,2012,2012-01-01
123,J,Information and communication,2011/12-Q3,10548.0,2011/12,Q3,2011,1,2012,2012-01-01
124,K,Financial and insurance activities,2011/12-Q3,17896.0,2011/12,Q3,2011,1,2012,2012-01-01
125,L,Real estate activities,2011/12-Q3,36446.0,2011/12,Q3,2011,1,2012,2012-01-01
126,M,"Professional, scientific and technical activities",2011/12-Q3,3285.0,2011/12,Q3,2011,1,2012,2012-01-01
127,N,Administrative and support service activities,2011/12-Q3,1553.0,2011/12,Q3,2011,1,2012,2012-01-01
128,O,Public administration and defence; compulsory social security,2011/12-Q3,16624.0,2011/12,Q3,2011,1,2012,2012-01-01
129,P,Education,2011/12-Q3,20042.0,2011/12,Q3,2011,1,2012,2012-01-01
130,Q,Human health and social work activities,2011/12-Q3,4430.0,2011/12,Q3,2011,1,2012,2012-01-01
131,"R, S, T","Arts, entertainment and recreation; Other service activities; and Activities of households as employers",2011/12-Q3,1747.66264244319,2011/12,Q3,2011,1,2012,2012-01-01
133,A,"Agriculture, forestry and fishing",2011/12-Q4,133405.0,2011/12,Q4,2011,4,2012,2012-04-01
134,B,Mining and quarrying,2011/12-Q4,2242.0,2011/12,Q4,2011,4,2012,2012-04-01
135,C,Manufacturing,2011/12-Q4,24538.0,2011/12,Q4,2011,4,2012,2012-04-01
136,D,"Electricity, gas, steam and air conditioning supply",2011/12-Q4,3996.0,2011/12,Q4,2011,4,2012,2012-04-01
137,E,"Water supply; sewerage, waste management ",2011/12-Q4,2613.0,2011/12,Q4,2011,4,2012,2012-04-01
138,F,Construction,2011/12-Q4,22890.0,2011/12,Q4,2011,4,2012,2012-04-01
139,G,Wholesale and retail trade; repair of motor vehicles & motorcycles,2011/12-Q4,58403.0,2011/12,Q4,2011,4,2012,2012-04-01
140,H,Transportation and storage,2011/12-Q4,20448.0,2011/12,Q4,2011,4,2012,2012-04-01
141,I,Accommodation and food service activities,2011/12-Q4,6750.0,2011/12,Q4,2011,4,2012,2012-04-01
142,J,Information and communication,2011/12-Q4,10712.0,2011/12,Q4,2011,4,2012,2012-04-01
143,K,Financial and insurance activities,2011/12-Q4,17330.0,2011/12,Q4,2011,4,2012,2012-04-01
144,L,Real estate activities,2011/12-Q4,36587.0,2011/12,Q4,2011,4,2012,2012-04-01
145,M,"Professional, scientific and technical activities",2011/12-Q4,3320.0,2011/12,Q4,2011,4,2012,2012-04-01
146,N,Administrative and support service activities,2011/12-Q4,1603.0,2011/12,Q4,2011,4,2012,2012-04-01
147,O,Public administration and defence; compulsory social security,2011/12-Q4,16742.0,2011/12,Q4,2011,4,2012,2012-04-01
148,P,Education,2011/12-Q4,20236.0,2011/12,Q4,2011,4,2012,2012-04-01
149,Q,Human health and social work activities,2011/12-Q4,4465.0,2011/12,Q4,2011,4,2012,2012-04-01
150,"R, S, T","Arts, entertainment and recreation; Other service activities; and Activities of households as employers",2011/12-Q4,1746.66264244319,2011/12,Q4,2011,4,2012,2012-04-01
152,A,"Agriculture, forestry and fishing",2012/13-Q1,130830.0,2012/13,Q1,2012,7,2012,2012-07-01
153,B,Mining and quarrying,2012/13-Q1,2447.0,2012/13,Q1,2012,7,2012,2012-07-01
154,C,Manufacturing,2012/13-Q1,24568.0,2012/13,Q1,2012,7,2012,2012-07-01
155,D,"Electricity, gas, steam and air conditioning supply",2012/13-Q1,4144.0,2012/13,Q1,2012,7,2012,2012-07-01
156,E,"Water supply; sewerage, waste management ",2012/13-Q1,2633.0,2012/13,Q1,2012,7,2012,2012-07-01
157,F,Construction,2012/13-Q1,25950.0,2012/13,Q1,2012,7,2012,2012-07-01
158,G,Wholesale and retail trade; repair of motor vehicles & motorcycles,2012/13-Q1,59104.0,2012/13,Q1,2012,7,2012,2012-07-01
159,H,Transportation and storage,2012/13-Q1,21654.0,2012/13,Q1,2012,7,2012,2012-07-01
160,I,Accommodation and food service activities,2012/13-Q1,7073.0,2012/13,Q1,2012,7,2012,2012-07-01
161,J,Information and communication,2012/13-Q1,10890.0,2012/13,Q1,2012,7,2012,2012-07-01
162,K,Financial and insurance activities,2012/13-Q1,20264.0,2012/13,Q1,2012,7,2012,2012-07-01
163,L,Real estate activities,2012/13-Q1,36841.0,2012/13,Q1,2012,7,2012,2012-07-01
164,M,"Professional, scientific and technical activities",2012/13-Q1,3372.0,2012/13,Q1,2012,7,2012,2012-07-01
165,N,Administrative and support service activities,2012/13-Q1,1664.0,2012/13,Q1,2012,7,2012,2012-07-01
166,O,Public administration and defence; compulsory social security,2012/13-Q1,16632.0,2012/13,Q1,2012,7,2012,2012-07-01
167,P,Education,2012/13-Q1,19962.0,2012/13,Q1,2012,7,2012,2012-07-01
168,Q,Human health and social work activities,2012/13-Q1,4390.0,2012/13,Q1,2012,7,2012,2012-07-01
169,"R, S, T","Arts, entertainment and recreation; Other service activities; and Activities of households as employers",2012/13-Q1,1823.49634172421,2012/13,Q1,2012,7,2012,2012-07-01
171,A,"Agriculture, forestry and fishing",2012/13-Q2,126356.0,2012/13,Q2,2012,10,2012,2012-10-01
172,B,Mining and quarrying,2012/13-Q2,2232.0,2012/13,Q2,2012,10,2012,2012-10-01
173,C,Manufacturing,2012/13-Q2,23973.0,2012/13,Q2,2012,10,2012,2012-10-01
174,D,"Electricity, gas, steam and air conditioning supply",2012/13-Q2,4011.0,2012/13,Q2,2012,10,2012,2012-10-01
175,E,"Water supply; sewerage, waste management ",2012/13-Q2,2750.0,2012/13,Q2,2012,10,2012,2012-10-01
176,F,Construction,2012/13-Q2,23130.0,2012/13,Q2,2012,10,2012,2012-10-01
177,G,Wholesale and retail trade; repair of motor vehicles & motorcycles,2012/13-Q2,55977.0,2012/13,Q2,2012,10,2012,2012-10-01
178,H,Transportation and storage,2012/13-Q2,22148.0,2012/13,Q2,2012,10,2012,2012-10-01
179,I,Accommodation and food service activities,2012/13-Q2,6980.0,2012/13,Q2,2012,10,2012,2012-10-01
180,J,Information and communication,2012/13-Q2,10711.0,2012/13,Q2,2012,10,2012,2012-10-01
181,K,Financial and insurance activities,2012/13-Q2,17815.0,2012/13,Q2,2012,10,2012,2012-10-01
182,L,Real estate activities,2012/13-Q2,36980.0,2012/13,Q2,2012,10,2012,2012-10-01
183,M,"Professional, scientific and technical activities",2012/13-Q2,3399.0,2012/13,Q2,2012,10,2012,2012-10-01
184,N,Administrative and support service activities,2012/13-Q2,1737.0,2012/13,Q2,2012,10,2012,2012-10-01
185,O,Public administration and defence; compulsory social security,2012/13-Q2,17842.0,2012/13,Q2,2012,10,2012,2012-10-01
186,P,Education,2012/13-Q2,21554.0,2012/13,Q2,2012,10,2012,2012-10-01
187,Q,Human health and social work activities,2012/13-Q2,4742.0,2012/13,Q2,2012,10,2012,2012-10-01
188,"R, S, T","Arts, entertainment and recreation; Other service activities; and Activities of households as employers",2012/13-Q2,1786.49634172421,2012/13,Q2,2012,10,2012,2012-10-01
190,A,"Agriculture, forestry and fishing",2012/13-Q3,130886.0,2012/13,Q3,2012,1,2013,2013-01-01
191,B,Mining and quarrying,2012/13-Q3,2195.0,2012/13,Q3,2012,1,2013,2013-01-01
192,C,Manufacturing,2012/13-Q3,23252.0,2012/13,Q3,2012,1,2013,2013-01-01
193,D,"Electricity, gas, steam and air conditioning supply",2012/13-Q3,4187.0,2012/13,Q3,2012,1,2013,2013-01-01
194,E,"Water supply; sewerage, waste management ",2012/13-Q3,2817.0,2012/13,Q3,2012,1,2013,2013-01-01
195,F,Construction,2012/13-Q3,22597.0,2012/13,Q3,2012,1,2013,2013-01-01
196,G,Wholesale and retail trade; repair of motor vehicles & motorcycles,2012/13-Q3,56735.0,2012/13,Q3,2012,1,2013,2013-01-01
197,H,Transportation and storage,2012/13-Q3,22637.0,2012/13,Q3,2012,1,2013,2013-01-01
198,I,Accommodation and food service activities,2012/13-Q3,6957.0,2012/13,Q3,2012,1,2013,2013-01-01
199,J,Information and communication,2012/13-Q3,11055.0,2012/13,Q3,2012,1,2013,2013-01-01
200,K,Financial and insurance activities,2012/13-Q3,14596.0,2012/13,Q3,2012,1,2013,2013-01-01
201,L,Real estate activities,2012/13-Q3,37130.0,2012/13,Q3,2012,1,2013,2013-01-01
202,M,"Professional, scientific and technical activities",2012/13-Q3,3407.0,2012/13,Q3,2012,1,2013,2013-01-01
203,N,Administrative and support service activities,2012/13-Q3,1787.0,2012/13,Q3,2012,1,2013,2013-01-01
204,O,Public administration and defence; compulsory social security,2012/13-Q3,17374.0,2012/13,Q3,2012,1,2013,2013-01-01
205,P,Education,2012/13-Q3,21045.0,2012/13,Q3,2012,1,2013,2013-01-01
206,Q,Human health and social work activities,2012/13-Q3,4542.0,2012/13,Q3,2012,1,2013,2013-01-01
207,"R, S, T","Arts, entertainment and recreation; Other service activities; and Activities of households as employers",2012/13-Q3,1807.49634172421,2012/13,Q3,2012,1,2013,2013-01-01
209,A,"Agriculture, forestry and fishing",2012/13-Q4,124145.0,2012/13,Q4,2012,4,2013,2013-04-01
210,B,Mining and quarrying,2012/13-Q4,2269.0,2012/13,Q4,2012,4,2013,2013-04-01
211,C,Manufacturing,2012/13-Q4,23507.0,2012/13,Q4,2012,4,2013,2013-04-01
212,D,"Electricity, gas, steam and air conditioning supply",2012/13-Q4,4287.0,2012/13,Q4,2012,4,2013,2013-04-01
213,E,"Water supply; sewerage, waste management ",2012/13-Q4,2841.0,2012/13,Q4,2012,4,2013,2013-04-01
214,F,Construction,2012/13-Q4,23234.0,2012/13,Q4,2012,4,2013,2013-04-01
215,G,Wholesale and retail trade; repair of motor vehicles & motorcycles,2012/13-Q4,61377.0,2012/13,Q4,2012,4,2013,2013-04-01
216,H,Transportation and storage,2012/13-Q4,22731.0,2012/13,Q4,2012,4,2013,2013-04-01
217,I,Accommodation and food service activities,2012/13-Q4,6940.0,2012/13,Q4,2012,4,2013,2013-04-01
218,J,Information and communication,2012/13-Q4,11710.0,2012/13,Q4,2012,4,2013,2013-04-01
219,K,Financial and insurance activities,2012/13-Q4,17714.0,2012/13,Q4,2012,4,2013,2013-04-01
220,L,Real estate activities,2012/13-Q4,37279.0,2012/13,Q4,2012,4,2013,2013-04-01
221,M,"Professional, scientific and technical activities",2012/13-Q4,3436.0,2012/13,Q4,2012,4,2013,2013-04-01
222,N,Administrative and support service activities,2012/13-Q4,1852.0,2012/13,Q4,2012,4,2013,2013-04-01
223,O,Public administration and defence; compulsory social security,2012/13-Q4,17760.0,2012/13,Q4,2012,4,2013,2013-04-01
224,P,Education,2012/13-Q4,21597.0,2012/13,Q4,2012,4,2013,2013-04-01
225,Q,Human health and social work activities,2012/13-Q4,4616.0,2012/13,Q4,2012,4,2013,2013-04-01
226,"R, S, T","Arts, entertainment and recreation; Other service activities; and Activities of households as employers",2012/13-Q4,1798.49634172421,2012/13,Q4,2012,4,2013,2013-04-01
228,A,"Agriculture, forestry and fishing",2013/14-Q1,126697.0,2013/14,Q1,2013,7,2013,2013-07-01
229,B,Mining and quarrying,2013/14-Q1,2366.0,2013/14,Q1,2013,7,2013,2013-07-01
230,C,Manufacturing,2013/14-Q1,25577.0,2013/14,Q1,2013,7,2013,2013-07-01
231,D,"Electricity, gas, steam and air conditioning supply",2013/14-Q1,4400.0,2013/14,Q1,2013,7,2013,2013-07-01
232,E,"Water supply; sewerage, waste management ",2013/14-Q1,2918.0,2013/14,Q1,2013,7,2013,2013-07-01
233,F,Construction,2013/14-Q1,24216.0,2013/14,Q1,2013,7,2013,2013-07-01
234,G,Wholesale and retail trade; repair of motor vehicles & motorcycles,2013/14-Q1,58722.0,2013/14,Q1,2013,7,2013,2013-07-01
235,H,Transportation and storage,2013/14-Q1,23166.0,2013/14,Q1,2013,7,2013,2013-07-01
236,I,Accommodation and food service activities,2013/14-Q1,6954.0,2013/14,Q1,2013,7,2013,2013-07-01
237,J,Information and communication,2013/14-Q1,14194.0,2013/14,Q1,2013,7,2013,2013-07-01
238,K,Financial and insurance activities,2013/14-Q1,20159.0,2013/14,Q1,2013,7,2013,2013-07-01
239,L,Real estate activities,2013/14-Q1,37437.0,2013/14,Q1,2013,7,2013,2013-07-01
240,M,"Professional, scientific and technical activities",2013/14-Q1,3530.0,2013/14,Q1,2013,7,2013,2013-07-01
241,N,Administrative and support service activities,2013/14-Q1,1952.0,2013/14,Q1,2013,7,2013,2013-07-01
242,O,Public administration and defence; compulsory social security,2013/14-Q1,17964.0,2013/14,Q1,2013,7,2013,2013-07-01
243,P,Education,2013/14-Q1,21758.0,2013/14,Q1,2013,7,2013,2013-07-01
244,Q,Human health and social work activities,2013/14-Q1,4615.0,2013/14,Q1,2013,7,2013,2013-07-01
245,"R, S, T","Arts, entertainment and recreation; Other service activities; and Activities of households as employers",2013/14-Q1,1861.74036991829,2013/14,Q1,2013,7,2013,2013-07-01
247,A,"Agriculture, forestry and fishing",2013/14-Q2,126050.0,2013/14,Q2,2013,10,2013,2013-10-01
248,B,Mining and quarrying,2013/14-Q2,2415.0,2013/14,Q2,2013,10,2013,2013-10-01
249,C,Manufacturing,2013/14-Q2,24208.0,2013/14,Q2,2013,10,2013,2013-10-01
250,D,"Electricity, gas, steam and air conditioning supply",2013/14-Q2,4357.0,2013/14,Q2,2013,10,2013,2013-10-01
251,E,"Water supply; sewerage, waste management ",2013/14-Q2,2952.0,2013/14,Q2,2013,10,2013,2013-10-01
252,F,Construction,2013/14-Q2,24664.0,2013/14,Q2,2013,10,2013,2013-10-01
253,G,Wholesale and retail trade; repair of motor vehicles & motorcycles,2013/14-Q2,59077.0,2013/14,Q2,2013,10,2013,2013-10-01
254,H,Transportation and storage,2013/14-Q2,23671.0,2013/14,Q2,2013,10,2013,2013-10-01
255,I,Accommodation and food service activities,2013/14-Q2,6833.0,2013/14,Q2,2013,10,2013,2013-10-01
256,J,Information and communication,2013/14-Q2,13593.0,2013/14,Q2,2013,10,2013,2013-10-01
257,K,Financial and insurance activities,2013/14-Q2,18133.0,2013/14,Q2,2013,10,2013,2013-10-01
258,L,Real estate activities,2013/14-Q2,37570.0,2013/14,Q2,2013,10,2013,2013-10-01
259,M,"Professional, scientific and technical activities",2013/14-Q2,3602.0,2013/14,Q2,2013,10,2013,2013-10-01
260,N,Administrative and support service activities,2013/14-Q2,2042.0,2013/14,Q2,2013,10,2013,2013-10-01
261,O,Public administration and defence; compulsory social security,2013/14-Q2,15952.0,2013/14,Q2,2013,10,2013,2013-10-01
262,P,Education,2013/14-Q2,19423.0,2013/14,Q2,2013,10,2013,2013-10-01
263,Q,Human health and social work activities,2013/14-Q2,4147.0,2013/14,Q2,2013,10,2013,2013-10-01
264,"R, S, T","Arts, entertainment and recreation; Other service activities; and Activities of households as employers",2013/14-Q2,1913.74036991829,2013/14,Q2,2013,10,2013,2013-10-01
266,A,"Agriculture, forestry and fishing",2013/14-Q3,131829.0,2013/14,Q3,2013,1,2014,2014-01-01
267,B,Mining and quarrying,2013/14-Q3,2745.0,2013/14,Q3,2013,1,2014,2014-01-01
268,C,Manufacturing,2013/14-Q3,25631.0,2013/14,Q3,2013,1,2014,2014-01-01
269,D,"Electricity, gas, steam and air conditioning supply",2013/14-Q3,4205.0,2013/14,Q3,2013,1,2014,2014-01-01
270,E,"Water supply; sewerage, waste management ",2013/14-Q3,3042.0,2013/14,Q3,2013,1,2014,2014-01-01
271,F,Construction,2013/14-Q3,27886.0,2013/14,Q3,2013,1,2014,2014-01-01
272,G,Wholesale and retail trade; repair of motor vehicles & motorcycles,2013/14-Q3,58393.0,2013/14,Q3,2013,1,2014,2014-01-01
273,H,Transportation and storage,2013/14-Q3,23998.0,2013/14,Q3,2013,1,2014,2014-01-01
274,I,Accommodation and food service activities,2013/14-Q3,6831.0,2013/14,Q3,2013,1,2014,2014-01-01
275,J,Information and communication,2013/14-Q3,13617.0,2013/14,Q3,2013,1,2014,2014-01-01
276,K,Financial and insurance activities,2013/14-Q3,18562.0,2013/14,Q3,2013,1,2014,2014-01-01
277,L,Real estate activities,2013/14-Q3,37729.0,2013/14,Q3,2013,1,2014,2014-01-01
278,M,"Professional, scientific and technical activities",2013/14-Q3,3680.0,2013/14,Q3,2013,1,2014,2014-01-01
279,N,Administrative and support service activities,2013/14-Q3,2083.0,2013/14,Q3,2013,1,2014,2014-01-01
280,O,Public administration and defence; compulsory social security,2013/14-Q3,19287.0,2013/14,Q3,2013,1,2014,2014-01-01
281,P,Education,2013/14-Q3,23380.0,2013/14,Q3,2013,1,2014,2014-01-01
282,Q,Human health and social work activities,2013/14-Q3,4967.0,2013/14,Q3,2013,1,2014,2014-01-01
283,"R, S, T","Arts, entertainment and recreation; Other service activities; and Activities of households as employers",2013/14-Q3,1845.74036991829,2013/14,Q3,2013,1,2014,2014-01-01
285,A,"Agriculture, forestry and fishing",2013/14-Q4,150642.0,2013/14,Q4,2013,4,2014,2014-04-01
286,B,Mining and quarrying,2013/14-Q4,2678.0,2013/14,Q4,2013,4,2014,2014-04-01
287,C,Manufacturing,2013/14-Q4,25654.0,2013/14,Q4,2013,4,2014,2014-04-01
288,D,"Electricity, gas, steam and air conditioning supply",2013/14-Q4,4254.0,2013/14,Q4,2013,4,2014,2014-04-01
289,E,"Water supply; sewerage, waste management ",2013/14-Q4,3138.0,2013/14,Q4,2013,4,2014,2014-04-01
290,F,Construction,2013/14-Q4,26757.0,2013/14,Q4,2013,4,2014,2014-04-01
291,G,Wholesale and retail trade; repair of motor vehicles & motorcycles,2013/14-Q4,70718.0,2013/14,Q4,2013,4,2014,2014-04-01
292,H,Transportation and storage,2013/14-Q4,24028.0,2013/14,Q4,2013,4,2014,2014-04-01
293,I,Accommodation and food service activities,2013/14-Q4,7572.0,2013/14,Q4,2013,4,2014,2014-04-01
294,J,Information and communication,2013/14-Q4,14495.0,2013/14,Q4,2013,4,2014,2014-04-01
295,K,Financial and insurance activities,2013/14-Q4,18006.0,2013/14,Q4,2013,4,2014,2014-04-01
296,L,Real estate activities,2013/14-Q4,37890.0,2013/14,Q4,2013,4,2014,2014-04-01
297,M,"Professional, scientific and technical activities",2013/14-Q4,3726.0,2013/14,Q4,2013,4,2014,2014-04-01
298,N,Administrative and support service activities,2013/14-Q4,2101.0,2013/14,Q4,2013,4,2014,2014-04-01
299,O,Public administration and defence; compulsory social security,2013/14-Q4,19830.0,2013/14,Q4,2013,4,2014,2014-04-01
300,P,Education,2013/14-Q4,23792.0,2013/14,Q4,2013,4,2014,2014-04-01
301,Q,Human health and social work activities,2013/14-Q4,5124.0,2013/14,Q4,2013,4,2014,2014-04-01
302,"R, S, T","Arts, entertainment and recreation; Other service activities; and Activities of households as employers",2013/14-Q4,1855.74036991829,2013/14,Q4,2013,4,2014,2014-04-01
304,A,"Agriculture, forestry and fishing",2014/15-Q1,143505.0,2014/15,Q1,2014,7,2014,2014-07-01
305,B,Mining and quarrying,2014/15-Q1,2647.0,2014/15,Q1,2014,7,2014,2014-07-01
306,C,Manufacturing,2014/15-Q1,26161.0,2014/15,Q1,2014,7,2014,2014-07-01
307,D,"Electricity, gas, steam and air conditioning supply",2014/15-Q1,4146.0,2014/15,Q1,2014,7,2014,2014-07-01
308,E,"Water supply; sewerage, waste management ",2014/15-Q1,3189.0,2014/15,Q1,2014,7,2014,2014-07-01
309,F,Construction,2014/15-Q1,26791.0,2014/15,Q1,2014,7,2014,2014-07-01
310,G,Wholesale and retail trade; repair of motor vehicles & motorcycles,2014/15-Q1,68664.0,2014/15,Q1,2014,7,2014,2014-07-01
311,H,Transportation and storage,2014/15-Q1,23739.0,2014/15,Q1,2014,7,2014,2014-07-01
312,I,Accommodation and food service activities,2014/15-Q1,7654.0,2014/15,Q1,2014,7,2014,2014-07-01
313,J,Information and communication,2014/15-Q1,14295.0,2014/15,Q1,2014,7,2014,2014-07-01
314,K,Financial and insurance activities,2014/15-Q1,15130.0,2014/15,Q1,2014,7,2014,2014-07-01
315,L,Real estate activities,2014/15-Q1,38001.0,2014/15,Q1,2014,7,2014,2014-07-01
316,M,"Professional, scientific and technical activities",2014/15-Q1,3827.0,2014/15,Q1,2014,7,2014,2014-07-01
317,N,Administrative and support service activities,2014/15-Q1,2162.0,2014/15,Q1,2014,7,2014,2014-07-01
318,O,Public administration and defence; compulsory social security,2014/15-Q1,19566.0,2014/15,Q1,2014,7,2014,2014-07-01
319,P,Education,2014/15-Q1,22893.0,2014/15,Q1,2014,7,2014,2014-07-01
320,Q,Human health and social work activities,2014/15-Q1,5077.0,2014/15,Q1,2014,7,2014,2014-07-01
321,"R, S, T","Arts, entertainment and recreation; Other service activities; and Activities of households as employers",2014/15-Q1,2029.16386028176,2014/15,Q1,2014,7,2014,2014-07-01
323,A,"Agriculture, forestry and fishing",2014/15-Q2,142094.0,2014/15,Q2,2014,10,2014,2014-10-01
324,B,Mining and quarrying,2014/15-Q2,2815.0,2014/15,Q2,2014,10,2014,2014-10-01
325,C,Manufacturing,2014/15-Q2,25753.0,2014/15,Q2,2014,10,2014,2014-10-01
326,D,"Electricity, gas, steam and air conditioning supply",2014/15-Q2,4353.0,2014/15,Q2,2014,10,2014,2014-10-01
327,E,"Water supply; sewerage, waste management ",2014/15-Q2,3280.0,2014/15,Q2,2014,10,2014,2014-10-01
328,F,Construction,2014/15-Q2,28334.0,2014/15,Q2,2014,10,2014,2014-10-01
329,G,Wholesale and retail trade; repair of motor vehicles & motorcycles,2014/15-Q2,66768.0,2014/15,Q2,2014,10,2014,2014-10-01
330,H,Transportation and storage,2014/15-Q2,24931.0,2014/15,Q2,2014,10,2014,2014-10-01
331,I,Accommodation and food service activities,2014/15-Q2,7932.0,2014/15,Q2,2014,10,2014,2014-10-01
332,J,Information and communication,2014/15-Q2,15440.0,2014/15,Q2,2014,10,2014,2014-10-01
333,K,Financial and insurance activities,2014/15-Q2,20887.0,2014/15,Q2,2014,10,2014,2014-10-01
334,L,Real estate activities,2014/15-Q2,38124.0,2014/15,Q2,2014,10,2014,2014-10-01
335,M,"Professional, scientific and technical activities",2014/15-Q2,3889.0,2014/15,Q2,2014,10,2014,2014-10-01
336,N,Administrative and support service activities,2014/15-Q2,2244.0,2014/15,Q2,2014,10,2014,2014-10-01
337,O,Public administration and defence; compulsory social security,2014/15-Q2,20575.0,2014/15,Q2,2014,10,2014,2014-10-01
338,P,Education,2014/15-Q2,24162.0,2014/15,Q2,2014,10,2014,2014-10-01
339,Q,Human health and social work activities,2014/15-Q2,5456.0,2014/15,Q2,2014,10,2014,2014-10-01
340,"R, S, T","Arts, entertainment and recreation; Other service activities; and Activities of households as employers",2014/15-Q2,2003.16386028176,2014/15,Q2,2014,10,2014,2014-10-01
342,A,"Agriculture, forestry and fishing",2014/15-Q3,133197.0,2014/15,Q3,2014,1,2015,2015-01-01
343,B,Mining and quarrying,2014/15-Q3,2592.0,2014/15,Q3,2014,1,2015,2015-01-01
344,C,Manufacturing,2014/15-Q3,25113.0,2014/15,Q3,2014,1,2015,2015-01-01
345,D,"Electricity, gas, steam and air conditioning supply",2014/15-Q3,4539.0,2014/15,Q3,2014,1,2015,2015-01-01
346,E,"Water supply; sewerage, waste management ",2014/15-Q3,3364.0,2014/15,Q3,2014,1,2015,2015-01-01
347,F,Construction,2014/15-Q3,26067.0,2014/15,Q3,2014,1,2015,2015-01-01
348,G,Wholesale and retail trade; repair of motor vehicles & motorcycles,2014/15-Q3,64398.0,2014/15,Q3,2014,1,2015,2015-01-01
349,H,Transportation and storage,2014/15-Q3,25732.0,2014/15,Q3,2014,1,2015,2015-01-01
350,I,Accommodation and food service activities,2014/15-Q3,8051.0,2014/15,Q3,2014,1,2015,2015-01-01
351,J,Information and communication,2014/15-Q3,16134.0,2014/15,Q3,2014,1,2015,2015-01-01
352,K,Financial and insurance activities,2014/15-Q3,21232.0,2014/15,Q3,2014,1,2015,2015-01-01
353,L,Real estate activities,2014/15-Q3,38300.0,2014/15,Q3,2014,1,2015,2015-01-01
354,M,"Professional, scientific and technical activities",2014/15-Q3,3923.0,2014/15,Q3,2014,1,2015,2015-01-01
355,N,Administrative and support service activities,2014/15-Q3,2319.0,2014/15,Q3,2014,1,2015,2015-01-01
356,O,Public administration and defence; compulsory social security,2014/15-Q3,19677.0,2014/15,Q3,2014,1,2015,2015-01-01
357,P,Education,2014/15-Q3,23229.0,2014/15,Q3,2014,1,2015,2015-01-01
358,Q,Human health and social work activities,2014/15-Q3,5221.0,2014/15,Q3,2014,1,2015,2015-01-01
359,"R, S, T","Arts, entertainment and recreation; Other service activities; and Activities of households as employers",2014/15-Q3,2044.16386028176,2014/15,Q3,2014,1,2015,2015-01-01
361,A,"Agriculture, forestry and fishing",2014/15-Q4,122604.0,2014/15,Q4,2014,4,2015,2015-04-01
362,B,Mining and quarrying,2014/15-Q4,2489.0,2014/15,Q4,2014,4,2015,2015-04-01
363,C,Manufacturing,2014/15-Q4,24178.0,2014/15,Q4,2014,4,2015,2015-04-01
364,D,"Electricity, gas, steam and air conditioning supply",2014/15-Q4,4474.0,2014/15,Q4,2014,4,2015,2015-04-01
365,E,"Water supply; sewerage, waste management ",2014/15-Q4,3443.0,2014/15,Q4,2014,4,2015,2015-04-01
366,F,Construction,2014/15-Q4,25669.0,2014/15,Q4,2014,4,2015,2015-04-01
367,G,Wholesale and retail trade; repair of motor vehicles & motorcycles,2014/15-Q4,58398.0,2014/15,Q4,2014,4,2015,2015-04-01
368,H,Transportation and storage,2014/15-Q4,26160.0,2014/15,Q4,2014,4,2015,2015-04-01
369,I,Accommodation and food service activities,2014/15-Q4,6099.0,2014/15,Q4,2014,4,2015,2015-04-01
370,J,Information and communication,2014/15-Q4,15943.0,2014/15,Q4,2014,4,2015,2015-04-01
371,K,Financial and insurance activities,2014/15-Q4,23329.0,2014/15,Q4,2014,4,2015,2015-04-01
372,L,Real estate activities,2014/15-Q4,38479.0,2014/15,Q4,2014,4,2015,2015-04-01
373,M,"Professional, scientific and technical activities",2014/15-Q4,3956.0,2014/15,Q4,2014,4,2015,2015-04-01
374,N,Administrative and support service activities,2014/15-Q4,2357.0,2014/15,Q4,2014,4,2015,2015-04-01
375,O,Public administration and defence; compulsory social security,2014/15-Q4,19167.0,2014/15,Q4,2014,4,2015,2015-04-01
376,P,Education,2014/15-Q4,22905.0,2014/15,Q4,2014,4,2015,2015-04-01
377,Q,Human health and social work activities,2014/15-Q4,5093.0,2014/15,Q4,2014,4,2015,2015-04-01
378,"R, S, T","Arts, entertainment and recreation; Other service activities; and Activities of households as employers",2014/15-Q4,2053.16386028176,2014/15,Q4,2014,4,2015,2015-04-01
380,A,"Agriculture, forestry and fishing",2015/16-Q1,129875.0,2015/16,Q1,2015,7,2015,2015-07-01
381,B,Mining and quarrying,2015/16-Q1,2190.0,2015/16,Q1,2015,7,2015,2015-07-01
382,C,Manufacturing,2015/16-Q1,21812.0,2015/16,Q1,2015,7,2015,2015-07-01
383,D,"Electricity, gas, steam and air conditioning supply",2015/16-Q1,4134.0,2015/16,Q1,2015,7,2015,2015-07-01
384,E,"Water supply; sewerage, waste management ",2015/16-Q1,3498.0,2015/16,Q1,2015,7,2015,2015-07-01
385,F,Construction,2015/16-Q1,22217.0,2015/16,Q1,2015,7,2015,2015-07-01
386,G,Wholesale and retail trade; repair of motor vehicles & motorcycles,2015/16-Q1,54774.0,2015/16,Q1,2015,7,2015,2015-07-01
387,H,Transportation and storage,2015/16-Q1,25951.0,2015/16,Q1,2015,7,2015,2015-07-01
388,I,Accommodation and food service activities,2015/16-Q1,6392.0,2015/16,Q1,2015,7,2015,2015-07-01
389,J,Information and communication,2015/16-Q1,15182.0,2015/16,Q1,2015,7,2015,2015-07-01
390,K,Financial and insurance activities,2015/16-Q1,18869.0,2015/16,Q1,2015,7,2015,2015-07-01
391,L,Real estate activities,2015/16-Q1,38124.0,2015/16,Q1,2015,7,2015,2015-07-01
392,M,"Professional, scientific and technical activities",2015/16-Q1,3926.0,2015/16,Q1,2015,7,2015,2015-07-01
393,N,Administrative and support service activities,2015/16-Q1,2380.0,2015/16,Q1,2015,7,2015,2015-07-01
394,O,Public administration and defence; compulsory social security,2015/16-Q1,20756.0,2015/16,Q1,2015,7,2015,2015-07-01
395,P,Education,2015/16-Q1,25152.0,2015/16,Q1,2015,7,2015,2015-07-01
396,Q,Human health and social work activities,2015/16-Q1,5512.0,2015/16,Q1,2015,7,2015,2015-07-01
397,"R, S, T","Arts, entertainment and recreation; Other service activities; and Activities of households as employers",2015/16-Q1,2095.5260723856,2015/16,Q1,2015,7,2015,2015-07-01
399,A,"Agriculture, forestry and fishing",2015/16-Q2,135379.0,2015/16,Q2,2015,10,2015,2015-10-01
400,B,Mining and quarrying,2015/16-Q2,1876.0,2015/16,Q2,2015,10,2015,2015-10-01
401,C,Manufacturing,2015/16-Q2,21708.0,2015/16,Q2,2015,10,2015,2015-10-01
402,D,"Electricity, gas, steam and air conditioning supply",2015/16-Q2,3982.0,2015/16,Q2,2015,10,2015,2015-10-01
403,E,"Water supply; sewerage, waste management ",2015/16-Q2,3543.0,2015/16,Q2,2015,10,2015,2015-10-01
404,F,Construction,2015/16-Q2,19780.0,2015/16,Q2,2015,10,2015,2015-10-01
405,G,Wholesale and retail trade; repair of motor vehicles & motorcycles,2015/16-Q2,57353.0,2015/16,Q2,2015,10,2015,2015-10-01
406,H,Transportation and storage,2015/16-Q2,24625.0,2015/16,Q2,2015,10,2015,2015-10-01
407,I,Accommodation and food service activities,2015/16-Q2,6602.0,2015/16,Q2,2015,10,2015,2015-10-01
408,J,Information and communication,2015/16-Q2,15189.0,2015/16,Q2,2015,10,2015,2015-10-01
409,K,Financial and insurance activities,2015/16-Q2,22530.0,2015/16,Q2,2015,10,2015,2015-10-01
410,L,Real estate activities,2015/16-Q2,38256.0,2015/16,Q2,2015,10,2015,2015-10-01
411,M,"Professional, scientific and technical activities",2015/16-Q2,3941.0,2015/16,Q2,2015,10,2015,2015-10-01
412,N,Administrative and support service activities,2015/16-Q2,2454.0,2015/16,Q2,2015,10,2015,2015-10-01
413,O,Public administration and defence; compulsory social security,2015/16-Q2,19192.0,2015/16,Q2,2015,10,2015,2015-10-01
414,P,Education,2015/16-Q2,23773.0,2015/16,Q2,2015,10,2015,2015-10-01
415,Q,Human health and social work activities,2015/16-Q2,5159.0,2015/16,Q2,2015,10,2015,2015-10-01
416,"R, S, T","Arts, entertainment and recreation; Other service activities; and Activities of households as employers",2015/16-Q2,2140.5260723856,2015/16,Q2,2015,10,2015,2015-10-01
418,A,"Agriculture, forestry and fishing",2015/16-Q3,138206.0,2015/16,Q3,2015,1,2016,2016-01-01
419,B,Mining and quarrying,2015/16-Q3,3032.0,2015/16,Q3,2015,1,2016,2016-01-01
420,C,Manufacturing,2015/16-Q3,23327.0,2015/16,Q3,2015,1,2016,2016-01-01
421,D,"Electricity, gas, steam and air conditioning supply",2015/16-Q3,4002.0,2015/16,Q3,2015,1,2016,2016-01-01
422,E,"Water supply; sewerage, waste management ",2015/16-Q3,3591.0,2015/16,Q3,2015,1,2016,2016-01-01
423,F,Construction,2015/16-Q3,32062.0,2015/16,Q3,2015,1,2016,2016-01-01
424,G,Wholesale and retail trade; repair of motor vehicles & motorcycles,2015/16-Q3,70108.0,2015/16,Q3,2015,1,2016,2016-01-01
425,H,Transportation and storage,2015/16-Q3,24949.0,2015/16,Q3,2015,1,2016,2016-01-01
426,I,Accommodation and food service activities,2015/16-Q3,7175.0,2015/16,Q3,2015,1,2016,2016-01-01
427,J,Information and communication,2015/16-Q3,16717.0,2015/16,Q3,2015,1,2016,2016-01-01
428,K,Financial and insurance activities,2015/16-Q3,24242.0,2015/16,Q3,2015,1,2016,2016-01-01
429,L,Real estate activities,2015/16-Q3,38458.0,2015/16,Q3,2015,1,2016,2016-01-01
430,M,"Professional, scientific and technical activities",2015/16-Q3,3970.0,2015/16,Q3,2015,1,2016,2016-01-01
431,N,Administrative and support service activities,2015/16-Q3,2599.0,2015/16,Q3,2015,1,2016,2016-01-01
432,O,Public administration and defence; compulsory social security,2015/16-Q3,19653.0,2015/16,Q3,2015,1,2016,2016-01-01
433,P,Education,2015/16-Q3,24603.0,2015/16,Q3,2015,1,2016,2016-01-01
434,Q,Human health and social work activities,2015/16-Q3,5287.0,2015/16,Q3,2015,1,2016,2016-01-01
435,"R, S, T","Arts, entertainment and recreation; Other service activities; and Activities of households as employers",2015/16-Q3,2140.5260723856,2015/16,Q3,2015,1,2016,2016-01-01
437,A,"Agriculture, forestry and fishing",2015/16-Q4,137547.0,2015/16,Q4,2015,4,2016,2016-04-01
438,B,Mining and quarrying,2015/16-Q4,3188.0,2015/16,Q4,2015,4,2016,2016-04-01
439,C,Manufacturing,2015/16-Q4,24935.0,2015/16,Q4,2015,4,2016,2016-04-01
440,D,"Electricity, gas, steam and air conditioning supply",2015/16-Q4,3801.0,2015/16,Q4,2015,4,2016,2016-04-01
441,E,"Water supply; sewerage, waste management ",2015/16-Q4,3602.0,2015/16,Q4,2015,4,2016,2016-04-01
442,F,Construction,2015/16-Q4,33080.0,2015/16,Q4,2015,4,2016,2016-04-01
443,G,Wholesale and retail trade; repair of motor vehicles & motorcycles,2015/16-Q4,69412.0,2015/16,Q4,2015,4,2016,2016-04-01
444,H,Transportation and storage,2015/16-Q4,25357.0,2015/16,Q4,2015,4,2016,2016-04-01
445,I,Accommodation and food service activities,2015/16-Q4,7529.0,2015/16,Q4,2015,4,2016,2016-04-01
446,J,Information and communication,2015/16-Q4,15777.0,2015/16,Q4,2015,4,2016,2016-04-01
447,K,Financial and insurance activities,2015/16-Q4,22675.0,2015/16,Q4,2015,4,2016,2016-04-01
448,L,Real estate activities,2015/16-Q4,38661.0,2015/16,Q4,2015,4,2016,2016-04-01
449,M,"Professional, scientific and technical activities",2015/16-Q4,4080.0,2015/16,Q4,2015,4,2016,2016-04-01
450,N,Administrative and support service activities,2015/16-Q4,2724.0,2015/16,Q4,2015,4,2016,2016-04-01
451,O,Public administration and defence; compulsory social security,2015/16-Q4,21018.0,2015/16,Q4,2015,4,2016,2016-04-01
452,P,Education,2015/16-Q4,26352.0,2015/16,Q4,2015,4,2016,2016-04-01
453,Q,Human health and social work activities,2015/16-Q4,5602.0,2015/16,Q4,2015,4,2016,2016-04-01
454,"R, S, T","Arts, entertainment and recreation; Other service activities; and Activities of households as employers",2015/16-Q4,2119.5260723856,2015/16,Q4,2015,4,2016,2016-04-01
456,A,"Agriculture, forestry and fishing",2016/17-Q1,138457.0,2016/17,Q1,2016,7,2016,2016-07-01
457,B,Mining and quarrying,2016/17-Q1,2938.0,2016/17,Q1,2016,7,2016,2016-07-01
458,C,Manufacturing,2016/17-Q1,24977.0,2016/17,Q1,2016,7,2016,2016-07-01
459,D,"Electricity, gas, steam and air conditioning supply",2016/17-Q1,4375.0,2016/17,Q1,2016,7,2016,2016-07-01
460,E,"Water supply; sewerage, waste management ",2016/17-Q1,3600.0,2016/17,Q1,2016,7,2016,2016-07-01
461,F,Construction,2016/17-Q1,32245.0,2016/17,Q1,2016,7,2016,2016-07-01
462,G,Wholesale and retail trade; repair of motor vehicles & motorcycles,2016/17-Q1,69516.0,2016/17,Q1,2016,7,2016,2016-07-01
463,H,Transportation and storage,2016/17-Q1,25039.0,2016/17,Q1,2016,7,2016,2016-07-01
464,I,Accommodation and food service activities,2016/17-Q1,7937.0,2016/17,Q1,2016,7,2016,2016-07-01
465,J,Information and communication,2016/17-Q1,17567.0,2016/17,Q1,2016,7,2016,2016-07-01
466,K,Financial and insurance activities,2016/17-Q1,22089.0,2016/17,Q1,2016,7,2016,2016-07-01
467,L,Real estate activities,2016/17-Q1,39652.0,2016/17,Q1,2016,7,2016,2016-07-01
468,M,"Professional, scientific and technical activities",2016/17-Q1,4180.0,2016/17,Q1,2016,7,2016,2016-07-01
469,N,Administrative and support service activities,2016/17-Q1,2824.0,2016/17,Q1,2016,7,2016,2016-07-01
470,O,Public administration and defence; compulsory social security,2016/17-Q1,20939.0,2016/17,Q1,2016,7,2016,2016-07-01
471,P,Education,2016/17-Q1,25614.0,2016/17,Q1,2016,7,2016,2016-07-01
472,Q,Human health and social work activities,2016/17-Q1,5507.0,2016/17,Q1,2016,7,2016,2016-07-01
473,"R, S, T","Arts, entertainment and recreation; Other service activities; and Activities of households as employers",2016/17-Q1,2235.48581311113,2016/17,Q1,2016,7,2016,2016-07-01
475,A,"Agriculture, forestry and fishing",2016/17-Q2,141027.0,2016/17,Q2,2016,10,2016,2016-10-01
476,B,Mining and quarrying,2016/17-Q2,2993.0,2016/17,Q2,2016,10,2016,2016-10-01
477,C,Manufacturing,2016/17-Q2,27208.0,2016/17,Q2,2016,10,2016,2016-10-01
478,D,"Electricity, gas, steam and air conditioning supply",2016/17-Q2,4964.0,2016/17,Q2,2016,10,2016,2016-10-01
479,E,"Water supply; sewerage, waste management ",2016/17-Q2,3647.0,2016/17,Q2,2016,10,2016,2016-10-01
480,F,Construction,2016/17-Q2,32547.0,2016/17,Q2,2016,10,2016,2016-10-01
481,G,Wholesale and retail trade; repair of motor vehicles & motorcycles,2016/17-Q2,71314.0,2016/17,Q2,2016,10,2016,2016-10-01
482,H,Transportation and storage,2016/17-Q2,25007.0,2016/17,Q2,2016,10,2016,2016-10-01
483,I,Accommodation and food service activities,2016/17-Q2,7373.0,2016/17,Q2,2016,10,2016,2016-10-01
484,J,Information and communication,2016/17-Q2,18056.0,2016/17,Q2,2016,10,2016,2016-10-01
485,K,Financial and insurance activities,2016/17-Q2,24887.0,2016/17,Q2,2016,10,2016,2016-10-01
486,L,Real estate activities,2016/17-Q2,39792.0,2016/17,Q2,2016,10,2016,2016-10-01
487,M,"Professional, scientific and technical activities",2016/17-Q2,4296.0,2016/17,Q2,2016,10,2016,2016-10-01
488,N,Administrative and support service activities,2016/17-Q2,2804.0,2016/17,Q2,2016,10,2016,2016-10-01
489,O,Public administration and defence; compulsory social security,2016/17-Q2,21806.0,2016/17,Q2,2016,10,2016,2016-10-01
490,P,Education,2016/17-Q2,26731.0,2016/17,Q2,2016,10,2016,2016-10-01
491,Q,Human health and social work activities,2016/17-Q2,5824.0,2016/17,Q2,2016,10,2016,2016-10-01
492,"R, S, T","Arts, entertainment and recreation; Other service activities; and Activities of households as employers",2016/17-Q2,2203.48581311113,2016/17,Q2,2016,10,2016,2016-10-01
494,A,"Agriculture, forestry and fishing",2016/17-Q3,143142.0,2016/17,Q3,2016,1,2017,2017-01-01
495,B,Mining and quarrying,2016/17-Q3,2943.0,2016/17,Q3,2016,1,2017,2017-01-01
496,C,Manufacturing,2016/17-Q3,27566.0,2016/17,Q3,2016,1,2017,2017-01-01
497,D,"Electricity, gas, steam and air conditioning supply",2016/17-Q3,5222.0,2016/17,Q3,2016,1,2017,2017-01-01
498,E,"Water supply; sewerage, waste management ",2016/17-Q3,3696.0,2016/17,Q3,2016,1,2017,2017-01-01
499,F,Construction,2016/17-Q3,31193.0,2016/17,Q3,2016,1,2017,2017-01-01
500,G,Wholesale and retail trade; repair of motor vehicles & motorcycles,2016/17-Q3,68487.0,2016/17,Q3,2016,1,2017,2017-01-01
501,H,Transportation and storage,2016/17-Q3,25901.0,2016/17,Q3,2016,1,2017,2017-01-01
502,I,Accommodation and food service activities,2016/17-Q3,8062.0,2016/17,Q3,2016,1,2017,2017-01-01
503,J,Information and communication,2016/17-Q3,17844.0,2016/17,Q3,2016,1,2017,2017-01-01
504,K,Financial and insurance activities,2016/17-Q3,25179.0,2016/17,Q3,2016,1,2017,2017-01-01
505,L,Real estate activities,2016/17-Q3,40015.0,2016/17,Q3,2016,1,2017,2017-01-01
506,M,"Professional, scientific and technical activities",2016/17-Q3,4377.0,2016/17,Q3,2016,1,2017,2017-01-01
507,N,Administrative and support service activities,2016/17-Q3,3036.0,2016/17,Q3,2016,1,2017,2017-01-01
508,O,Public administration and defence; compulsory social security,2016/17-Q3,22282.0,2016/17,Q3,2016,1,2017,2017-01-01
509,P,Education,2016/17-Q3,27426.0,2016/17,Q3,2016,1,2017,2017-01-01
510,Q,Human health and social work activities,2016/17-Q3,5964.0,2016/17,Q3,2016,1,2017,2017-01-01
511,"R, S, T","Arts, entertainment and recreation; Other service activities; and Activities of households as employers",2016/17-Q3,2221.48581311113,2016/17,Q3,2016,1,2017,2017-01-01
513,A,"Agriculture, forestry and fishing",2016/17-Q4,146344.0,2016/17,Q4,2016,4,2017,2017-04-01
514,B,Mining and quarrying,2016/17-Q4,2933.0,2016/17,Q4,2016,4,2017,2017-04-01
515,C,Manufacturing,2016/17-Q4,27535.0,2016/17,Q4,2016,4,2017,2017-04-01
516,D,"Electricity, gas, steam and air conditioning supply",2016/17-Q4,5232.0,2016/17,Q4,2016,4,2017,2017-04-01
517,E,"Water supply; sewerage, waste management ",2016/17-Q4,3729.0,2016/17,Q4,2016,4,2017,2017-04-01
518,F,Construction,2016/17-Q4,31241.0,2016/17,Q4,2016,4,2017,2017-04-01
519,G,Wholesale and retail trade; repair of motor vehicles & motorcycles,2016/17-Q4,69644.0,2016/17,Q4,2016,4,2017,2017-04-01
520,H,Transportation and storage,2016/17-Q4,29631.0,2016/17,Q4,2016,4,2017,2017-04-01
521,I,Accommodation and food service activities,2016/17-Q4,7908.0,2016/17,Q4,2016,4,2017,2017-04-01
522,J,Information and communication,2016/17-Q4,17984.0,2016/17,Q4,2016,4,2017,2017-04-01
523,K,Financial and insurance activities,2016/17-Q4,25084.0,2016/17,Q4,2016,4,2017,2017-04-01
524,L,Real estate activities,2016/17-Q4,40256.0,2016/17,Q4,2016,4,2017,2017-04-01
525,M,"Professional, scientific and technical activities",2016/17-Q4,4451.0,2016/17,Q4,2016,4,2017,2017-04-01
526,N,Administrative and support service activities,2016/17-Q4,3155.0,2016/17,Q4,2016,4,2017,2017-04-01
527,O,Public administration and defence; compulsory social security,2016/17-Q4,22059.0,2016/17,Q4,2016,4,2017,2017-04-01
528,P,Education,2016/17-Q4,27314.0,2016/17,Q4,2016,4,2017,2017-04-01
529,Q,Human health and social work activities,2016/17-Q4,5857.0,2016/17,Q4,2016,4,2017,2017-04-01
530,"R, S, T","Arts, entertainment and recreation; Other service activities; and Activities of households as employers",2016/17-Q4,2233.48581311113,2016/17,Q4,2016,4,2017,2017-04-01
532,A,"Agriculture, forestry and fishing",2017/18-Q1,144642.0,2017/18,Q1,2017,7,2017,2017-07-01
533,B,Mining and quarrying,2017/18-Q1,3158.0,2017/18,Q1,2017,7,2017,2017-07-01
534,C,Manufacturing,2017/18-Q1,29030.0,2017/18,Q1,2017,7,2017,2017-07-01
535,D,"Electricity, gas, steam and air conditioning supply",2017/18-Q1,5337.0,2017/18,Q1,2017,7,2017,2017-07-01
536,E,"Water supply; sewerage, waste management ",2017/18-Q1,3776.0,2017/18,Q1,2017,7,2017,2017-07-01
537,F,Construction,2017/18-Q1,35111.0,2017/18,Q1,2017,7,2017,2017-07-01
538,G,Wholesale and retail trade; repair of motor vehicles & motorcycles,2017/18-Q1,75159.0,2017/18,Q1,2017,7,2017,2017-07-01
539,H,Transportation and storage,2017/18-Q1,30831.0,2017/18,Q1,2017,7,2017,2017-07-01
540,I,Accommodation and food service activities,2017/18-Q1,8161.0,2017/18,Q1,2017,7,2017,2017-07-01
541,J,Information and communication,2017/18-Q1,18306.0,2017/18,Q1,2017,7,2017,2017-07-01
542,K,Financial and insurance activities,2017/18-Q1,25600.0,2017/18,Q1,2017,7,2017,2017-07-01
543,L,Real estate activities,2017/18-Q1,40240.0,2017/18,Q1,2017,7,2017,2017-07-01
544,M,"Professional, scientific and technical activities",2017/18-Q1,4447.0,2017/18,Q1,2017,7,2017,2017-07-01
545,N,Administrative and support service activities,2017/18-Q1,3302.0,2017/18,Q1,2017,7,2017,2017-07-01
546,O,Public administration and defence; compulsory social security,2017/18-Q1,21942.0,2017/18,Q1,2017,7,2017,2017-07-01
547,P,Education,2017/18-Q1,26880.0,2017/18,Q1,2017,7,2017,2017-07-01
548,Q,Human health and social work activities,2017/18-Q1,5772.0,2017/18,Q1,2017,7,2017,2017-07-01
549,"R, S, T","Arts, entertainment and recreation; Other service activities; and Activities of households as employers",2017/18-Q1,2355.42596247538,2017/18,Q1,2017,7,2017,2017-07-01
551,A,"Agriculture, forestry and fishing",2017/18-Q2,144917.0,2017/18,Q2,2017,10,2017,2017-10-01
552,B,Mining and quarrying,2017/18-Q2,2825.0,2017/18,Q2,2017,10,2017,2017-10-01
553,C,Manufacturing,2017/18-Q2,28947.0,2017/18,Q2,2017,10,2017,2017-10-01
554,D,"Electricity, gas, steam and air conditioning supply",2017/18-Q2,5216.0,2017/18,Q2,2017,10,2017,2017-10-01
555,E,"Water supply; sewerage, waste management ",2017/18-Q2,3886.0,2017/18,Q2,2017,10,2017,2017-10-01
556,F,Construction,2017/18-Q2,32549.0,2017/18,Q2,2017,10,2017,2017-10-01
557,G,Wholesale and retail trade; repair of motor vehicles & motorcycles,2017/18-Q2,78266.0,2017/18,Q2,2017,10,2017,2017-10-01
558,H,Transportation and storage,2017/18-Q2,30768.0,2017/18,Q2,2017,10,2017,2017-10-01
559,I,Accommodation and food service activities,2017/18-Q2,8427.0,2017/18,Q2,2017,10,2017,2017-10-01
560,J,Information and communication,2017/18-Q2,17915.0,2017/18,Q2,2017,10,2017,2017-10-01
561,K,Financial and insurance activities,2017/18-Q2,27680.0,2017/18,Q2,2017,10,2017,2017-10-01
562,L,Real estate activities,2017/18-Q2,40408.0,2017/18,Q2,2017,10,2017,2017-10-01
563,M,"Professional, scientific and technical activities",2017/18-Q2,4504.0,2017/18,Q2,2017,10,2017,2017-10-01
564,N,Administrative and support service activities,2017/18-Q2,3480.0,2017/18,Q2,2017,10,2017,2017-10-01
565,O,Public administration and defence; compulsory social security,2017/18-Q2,23290.0,2017/18,Q2,2017,10,2017,2017-10-01
566,P,Education,2017/18-Q2,28821.0,2017/18,Q2,2017,10,2017,2017-10-01
567,Q,Human health and social work activities,2017/18-Q2,6285.0,2017/18,Q2,2017,10,2017,2017-10-01
568,"R, S, T","Arts, entertainment and recreation; Other service activities; and Activities of households as employers",2017/18-Q2,2284.42596247538,2017/18,Q2,2017,10,2017,2017-10-01
570,A,"Agriculture, forestry and fishing",2017/18-Q3,144334.0,2017/18,Q3,2017,1,2018,2018-01-01
571,B,Mining and quarrying,2017/18-Q3,3323.0,2017/18,Q3,2017,1,2018,2018-01-01
572,C,Manufacturing,2017/18-Q3,29114.0,2017/18,Q3,2017,1,2018,2018-01-01
573,D,"Electricity, gas, steam and air conditioning supply",2017/18-Q3,5254.0,2017/18,Q3,2017,1,2018,2018-01-01
574,E,"Water supply; sewerage, waste management ",2017/18-Q3,3874.0,2017/18,Q3,2017,1,2018,2018-01-01
575,F,Construction,2017/18-Q3,36918.0,2017/18,Q3,2017,1,2018,2018-01-01
576,G,Wholesale and retail trade; repair of motor vehicles & motorcycles,2017/18-Q3,85999.0,2017/18,Q3,2017,1,2018,2018-01-01
577,H,Transportation and storage,2017/18-Q3,29014.0,2017/18,Q3,2017,1,2018,2018-01-01
578,I,Accommodation and food service activities,2017/18-Q3,8690.0,2017/18,Q3,2017,1,2018,2018-01-01
579,J,Information and communication,2017/18-Q3,17962.0,2017/18,Q3,2017,1,2018,2018-01-01
580,K,Financial and insurance activities,2017/18-Q3,24531.0,2017/18,Q3,2017,1,2018,2018-01-01
581,L,Real estate activities,2017/18-Q3,40655.0,2017/18,Q3,2017,1,2018,2018-01-01
582,M,"Professional, scientific and technical activities",2017/18-Q3,4577.0,2017/18,Q3,2017,1,2018,2018-01-01
583,N,Administrative and support service activities,2017/18-Q3,3609.0,2017/18,Q3,2017,1,2018,2018-01-01
584,O,Public administration and defence; compulsory social security,2017/18-Q3,22286.0,2017/18,Q3,2017,1,2018,2018-01-01
585,P,Education,2017/18-Q3,27906.0,2017/18,Q3,2017,1,2018,2018-01-01
586,Q,Human health and social work activities,2017/18-Q3,6060.0,2017/18,Q3,2017,1,2018,2018-01-01
587,"R, S, T","Arts, entertainment and recreation; Other service activities; and Activities of households as employers",2017/18-Q3,2341.42596247538,2017/18,Q3,2017,1,2018,2018-01-01
589,A,"Agriculture, forestry and fishing",2017/18-Q4,150023.0,2017/18,Q4,2017,4,2018,2018-04-01
590,B,Mining and quarrying,2017/18-Q4,3620.0,2017/18,Q4,2017,4,2018,2018-04-01
591,C,Manufacturing,2017/18-Q4,30040.0,2017/18,Q4,2017,4,2018,2018-04-01
592,D,"Electricity, gas, steam and air conditioning supply",2017/18-Q4,5706.0,2017/18,Q4,2017,4,2018,2018-04-01
593,E,"Water supply; sewerage, waste management ",2017/18-Q4,3798.0,2017/18,Q4,2017,4,2018,2018-04-01
594,F,Construction,2017/18-Q4,37998.0,2017/18,Q4,2017,4,2018,2018-04-01
595,G,Wholesale and retail trade; repair of motor vehicles & motorcycles,2017/18-Q4,87661.0,2017/18,Q4,2017,4,2018,2018-04-01
596,H,Transportation and storage,2017/18-Q4,27665.0,2017/18,Q4,2017,4,2018,2018-04-01
597,I,Accommodation and food service activities,2017/18-Q4,9597.0,2017/18,Q4,2017,4,2018,2018-04-01
598,J,Information and communication,2017/18-Q4,18819.0,2017/18,Q4,2017,4,2018,2018-04-01
599,K,Financial and insurance activities,2017/18-Q4,28692.0,2017/18,Q4,2017,4,2018,2018-04-01
600,L,Real estate activities,2017/18-Q4,40907.0,2017/18,Q4,2017,4,2018,2018-04-01
601,M,"Professional, scientific and technical activities",2017/18-Q4,4625.0,2017/18,Q4,2017,4,2018,2018-04-01
602,N,Administrative and support service activities,2017/18-Q4,3662.0,2017/18,Q4,2017,4,2018,2018-04-01
603,O,Public administration and defence; compulsory social security,2017/18-Q4,23687.0,2017/18,Q4,2017,4,2018,2018-04-01
604,P,Education,2017/18-Q4,29757.0,2017/18,Q4,2017,4,2018,2018-04-01
605,Q,Human health and social work activities,2017/18-Q4,6407.0,2017/18,Q4,2017,4,2018,2018-04-01
606,"R, S, T","Arts, entertainment and recreation; Other service activities; and Activities of households as employers",2017/18-Q4,2323.42596247538,2017/18,Q4,2017,4,2018,2018-04-01
608,A,"Agriculture, forestry and fishing",2018/19-Q1,152129.0,2018/19,Q1,2018,7,2018,2018-07-01
609,B,Mining and quarrying,2018/19-Q1,3818.0,2018/19,Q1,2018,7,2018,2018-07-01
610,C,Manufacturing,2018/19-Q1,30235.0,2018/19,Q1,2018,7,2018,2018-07-01
611,D,"Electricity, gas, steam and air conditioning supply",2018/19-Q1,5762.0,2018/19,Q1,2018,7,2018,2018-07-01
612,E,"Water supply; sewerage, waste management ",2018/19-Q1,3955.0,2018/19,Q1,2018,7,2018,2018-07-01
613,F,Construction,2018/19-Q1,39254.0,2018/19,Q1,2018,7,2018,2018-07-01
614,G,Wholesale and retail trade; repair of motor vehicles & motorcycles,2018/19-Q1,88300.0,2018/19,Q1,2018,7,2018,2018-07-01
615,H,Transportation and storage,2018/19-Q1,17278.0,2018/19,Q1,2018,7,2018,2018-07-01
616,I,Accommodation and food service activities,2018/19-Q1,9501.0,2018/19,Q1,2018,7,2018,2018-07-01
617,J,Information and communication,2018/19-Q1,18794.0,2018/19,Q1,2018,7,2018,2018-07-01
618,K,Financial and insurance activities,2018/19-Q1,31569.0,2018/19,Q1,2018,7,2018,2018-07-01
619,L,Real estate activities,2018/19-Q1,41722.0,2018/19,Q1,2018,7,2018,2018-07-01
620,M,"Professional, scientific and technical activities",2018/19-Q1,4704.0,2018/19,Q1,2018,7,2018,2018-07-01
621,N,Administrative and support service activities,2018/19-Q1,3707.0,2018/19,Q1,2018,7,2018,2018-07-01
622,O,Public administration and defence; compulsory social security,2018/19-Q1,23407.0,2018/19,Q1,2018,7,2018,2018-07-01
623,P,Education,2018/19-Q1,30279.0,2018/19,Q1,2018,7,2018,2018-07-01
624,Q,Human health and social work activities,2018/19-Q1,6578.0,2018/19,Q1,2018,7,2018,2018-07-01
625,"R, S, T","Arts, entertainment and recreation; Other service activities; and Activities of households as employers",2018/19-Q1,2427.89618231665,2018/19,Q1,2018,7,2018,2018-07-01
627,A,"Agriculture, forestry and fishing",2018/19-Q2,154716.0,2018/19,Q2,2018,10,2018,2018-10-01
628,B,Mining and quarrying,2018/19-Q2,3845.0,2018/19,Q2,2018,10,2018,2018-10-01
629,C,Manufacturing,2018/19-Q2,30289.0,2018/19,Q2,2018,10,2018,2018-10-01
630,D,"Electricity, gas, steam and air conditioning supply",2018/19-Q2,5496.0,2018/19,Q2,2018,10,2018,2018-10-01
631,E,"Water supply; sewerage, waste management ",2018/19-Q2,3805.0,2018/19,Q2,2018,10,2018,2018-10-01
632,F,Construction,2018/19-Q2,38943.0,2018/19,Q2,2018,10,2018,2018-10-01
633,G,Wholesale and retail trade; repair of motor vehicles & motorcycles,2018/19-Q2,85201.0,2018/19,Q2,2018,10,2018,2018-10-01
634,H,Transportation and storage,2018/19-Q2,12493.0,2018/19,Q2,2018,10,2018,2018-10-01
635,I,Accommodation and food service activities,2018/19-Q2,10090.0,2018/19,Q2,2018,10,2018,2018-10-01
636,J,Information and communication,2018/19-Q2,19285.0,2018/19,Q2,2018,10,2018,2018-10-01
637,K,Financial and insurance activities,2018/19-Q2,29336.0,2018/19,Q2,2018,10,2018,2018-10-01
638,L,Real estate activities,2018/19-Q2,41918.0,2018/19,Q2,2018,10,2018,2018-10-01
639,M,"Professional, scientific and technical activities",2018/19-Q2,4800.0,2018/19,Q2,2018,10,2018,2018-10-01
640,N,Administrative and support service activities,2018/19-Q2,3763.0,2018/19,Q2,2018,10,2018,2018-10-01
641,O,Public administration and defence; compulsory social security,2018/19-Q2,23297.0,2018/19,Q2,2018,10,2018,2018-10-01
642,P,Education,2018/19-Q2,28642.0,2018/19,Q2,2018,10,2018,2018-10-01
643,Q,Human health and social work activities,2018/19-Q2,6341.0,2018/19,Q2,2018,10,2018,2018-10-01
644,"R, S, T","Arts, entertainment and recreation; Other service activities; and Activities of households as employers",2018/19-Q2,2464.89618231665,2018/19,Q2,2018,10,2018,2018-10-01
646,A,"Agriculture, forestry and fishing",2018/19-Q3,150893.0,2018/19,Q3,2018,1,2019,2019-01-01
647,B,Mining and quarrying,2018/19-Q3,3660.0,2018/19,Q3,2018,1,2019,2019-01-01
648,C,Manufacturing,2018/19-Q3,31737.0,2018/19,Q3,2018,1,2019,2019-01-01
649,D,"Electricity, gas, steam and air conditioning supply",2018/19-Q3,6073.0,2018/19,Q3,2018,1,2019,2019-01-01
650,E,"Water supply; sewerage, waste management ",2018/19-Q3,3837.0,2018/19,Q3,2018,1,2019,2019-01-01
651,F,Construction,2018/19-Q3,36137.0,2018/19,Q3,2018,1,2019,2019-01-01
652,G,Wholesale and retail trade; repair of motor vehicles & motorcycles,2018/19-Q3,83944.0,2018/19,Q3,2018,1,2019,2019-01-01
653,H,Transportation and storage,2018/19-Q3,11968.0,2018/19,Q3,2018,1,2019,2019-01-01
654,I,Accommodation and food service activities,2018/19-Q3,9038.0,2018/19,Q3,2018,1,2019,2019-01-01
655,J,Information and communication,2018/19-Q3,19662.0,2018/19,Q3,2018,1,2019,2019-01-01
656,K,Financial and insurance activities,2018/19-Q3,32669.0,2018/19,Q3,2018,1,2019,2019-01-01
657,L,Real estate activities,2018/19-Q3,42188.0,2018/19,Q3,2018,1,2019,2019-01-01
658,M,"Professional, scientific and technical activities",2018/19-Q3,4824.0,2018/19,Q3,2018,1,2019,2019-01-01
659,N,Administrative and support service activities,2018/19-Q3,3760.0,2018/19,Q3,2018,1,2019,2019-01-01
660,O,Public administration and defence; compulsory social security,2018/19-Q3,24162.0,2018/19,Q3,2018,1,2019,2019-01-01
661,P,Education,2018/19-Q3,30103.0,2018/19,Q3,2018,1,2019,2019-01-01
662,Q,Human health and social work activities,2018/19-Q3,6588.0,2018/19,Q3,2018,1,2019,2019-01-01
663,"R, S, T","Arts, entertainment and recreation; Other service activities; and Activities of households as employers",2018/19-Q3,2467.89618231665,2018/19,Q3,2018,1,2019,2019-01-01
665,A,"Agriculture, forestry and fishing",2018/19-Q4,156409.0,2018/19,Q4,2018,4,2019,2019-04-01
666,B,Mining and quarrying,2018/19-Q4,3849.0,2018/19,Q4,2018,4,2019,2019-04-01
667,C,Manufacturing,2018/19-Q4,32417.0,2018/19,Q4,2018,4,2019,2019-04-01
668,D,"Electricity, gas, steam and air conditioning supply",2018/19-Q4,6388.0,2018/19,Q4,2018,4,2019,2019-04-01
669,E,"Water supply; sewerage, waste management ",2018/19-Q4,3894.0,2018/19,Q4,2018,4,2019,2019-04-01
670,F,Construction,2018/19-Q4,38758.0,2018/19,Q4,2018,4,2019,2019-04-01
671,G,Wholesale and retail trade; repair of motor vehicles & motorcycles,2018/19-Q4,94239.0,2018/19,Q4,2018,4,2019,2019-04-01
672,H,Transportation and storage,2018/19-Q4,20945.0,2018/19,Q4,2018,4,2019,2019-04-01
673,I,Accommodation and food service activities,2018/19-Q4,9441.0,2018/19,Q4,2018,4,2019,2019-04-01
674,J,Information and communication,2018/19-Q4,20398.0,2018/19,Q4,2018,4,2019,2019-04-01
675,K,Financial and insurance activities,2018/19-Q4,19492.0,2018/19,Q4,2018,4,2019,2019-04-01
676,L,Real estate activities,2018/19-Q4,42468.0,2018/19,Q4,2018,4,2019,2019-04-01
677,M,"Professional, scientific and technical activities",2018/19-Q4,4851.0,2018/19,Q4,2018,4,2019,2019-04-01
678,N,Administrative and support service activities,2018/19-Q4,3785.0,2018/19,Q4,2018,4,2019,2019-04-01
679,O,Public administration and defence; compulsory social security,2018/19-Q4,24979.0,2018/19,Q4,2018,4,2019,2019-04-01
680,P,Education,2018/19-Q4,31060.0,2018/19,Q4,2018,4,2019,2019-04-01
681,Q,Human health and social work activities,2018/19-Q4,6666.0,2018/19,Q4,2018,4,2019,2019-04-01
682,"R, S, T","Arts, entertainment and recreation; Other service activities; and Activities of households as employers",2018/19-Q4,2496.89618231665,2018/19,Q4,2018,4,2019,2019-04-01
684,A,"Agriculture, forestry and fishing",2019/20-Q1,156001.0,2019/20,Q1,2019,7,2019,2019-07-01
685,B,Mining and quarrying,2019/20-Q1,4077.0,2019/20,Q1,2019,7,2019,2019-07-01
686,C,Manufacturing,2019/20-Q1,31601.0,2019/20,Q1,2019,7,2019,2019-07-01
687,D,"Electricity, gas, steam and air conditioning supply",2019/20-Q1,6430.0,2019/20,Q1,2019,7,2019,2019-07-01
688,E,"Water supply; sewerage, waste management ",2019/20-Q1,3964.0,2019/20,Q1,2019,7,2019,2019-07-01
689,F,Construction,2019/20-Q1,38496.0,2019/20,Q1,2019,7,2019,2019-07-01
690,G,Wholesale and retail trade; repair of motor vehicles & motorcycles,2019/20-Q1,91765.0,2019/20,Q1,2019,7,2019,2019-07-01
691,H,Transportation and storage,2019/20-Q1,23850.0,2019/20,Q1,2019,7,2019,2019-07-01
692,I,Accommodation and food service activities,2019/20-Q1,9155.0,2019/20,Q1,2019,7,2019,2019-07-01
693,J,Information and communication,2019/20-Q1,20268.0,2019/20,Q1,2019,7,2019,2019-07-01
694,K,Financial and insurance activities,2019/20-Q1,24250.0,2019/20,Q1,2019,7,2019,2019-07-01
695,L,Real estate activities,2019/20-Q1,42563.0,2019/20,Q1,2019,7,2019,2019-07-01
696,M,"Professional, scientific and technical activities",2019/20-Q1,4856.0,2019/20,Q1,2019,7,2019,2019-07-01
697,N,Administrative and support service activities,2019/20-Q1,3787.0,2019/20,Q1,2019,7,2019,2019-07-01
698,O,Public administration and defence; compulsory social security,2019/20-Q1,26019.0,2019/20,Q1,2019,7,2019,2019-07-01
699,P,Education,2019/20-Q1,31607.0,2019/20,Q1,2019,7,2019,2019-07-01
700,Q,Human health and social work activities,2019/20-Q1,6621.0,2019/20,Q1,2019,7,2019,2019-07-01
701,"R, S, T","Arts, entertainment and recreation; Other service activities; and Activities of households as employers",2019/20-Q1,2573.77012033053,2019/20,Q1,2019,7,2019,2019-07-01
703,A,"Agriculture, forestry and fishing",2019/20-Q2,157363.0,2019/20,Q2,2019,10,2019,2019-10-01
704,B,Mining and quarrying,2019/20-Q2,4320.0,2019/20,Q2,2019,10,2019,2019-10-01
705,C,Manufacturing,2019/20-Q2,32005.0,2019/20,Q2,2019,10,2019,2019-10-01
706,D,"Electricity, gas, steam and air conditioning supply",2019/20-Q2,6970.0,2019/20,Q2,2019,10,2019,2019-10-01
707,E,"Water supply; sewerage, waste management ",2019/20-Q2,3929.0,2019/20,Q2,2019,10,2019,2019-10-01
708,F,Construction,2019/20-Q2,43892.0,2019/20,Q2,2019,10,2019,2019-10-01
709,G,Wholesale and retail trade; repair of motor vehicles & motorcycles,2019/20-Q2,89721.0,2019/20,Q2,2019,10,2019,2019-10-01
710,H,Transportation and storage,2019/20-Q2,28950.0,2019/20,Q2,2019,10,2019,2019-10-01
711,I,Accommodation and food service activities,2019/20-Q2,8083.0,2019/20,Q2,2019,10,2019,2019-10-01
712,J,Information and communication,2019/20-Q2,20617.0,2019/20,Q2,2019,10,2019,2019-10-01
713,K,Financial and insurance activities,2019/20-Q2,25961.0,2019/20,Q2,2019,10,2019,2019-10-01
714,L,Real estate activities,2019/20-Q2,42787.0,2019/20,Q2,2019,10,2019,2019-10-01
715,M,"Professional, scientific and technical activities",2019/20-Q2,4847.0,2019/20,Q2,2019,10,2019,2019-10-01
716,N,Administrative and support service activities,2019/20-Q2,3792.0,2019/20,Q2,2019,10,2019,2019-10-01
717,O,Public administration and defence; compulsory social security,2019/20-Q2,26215.0,2019/20,Q2,2019,10,2019,2019-10-01
718,P,Education,2019/20-Q2,31904.0,2019/20,Q2,2019,10,2019,2019-10-01
719,Q,Human health and social work activities,2019/20-Q2,6813.0,2019/20,Q2,2019,10,2019,2019-10-01
720,"R, S, T","Arts, entertainment and recreation; Other service activities; and Activities of households as employers",2019/20-Q2,2532.77012033053,2019/20,Q2,2019,10,2019,2019-10-01
722,A,"Agriculture, forestry and fishing",2019/20-Q3,160058.0,2019/20,Q3,2019,1,2020,2020-01-01
723,B,Mining and quarrying,2019/20-Q3,3630.0,2019/20,Q3,2019,1,2020,2020-01-01
724,C,Manufacturing,2019/20-Q3,26305.0,2019/20,Q3,2019,1,2020,2020-01-01
725,D,"Electricity, gas, steam and air conditioning supply",2019/20-Q3,7433.0,2019/20,Q3,2019,1,2020,2020-01-01
726,E,"Water supply; sewerage, waste management ",2019/20-Q3,3934.0,2019/20,Q3,2019,1,2020,2020-01-01
727,F,Construction,2019/20-Q3,36443.0,2019/20,Q3,2019,1,2020,2020-01-01
728,G,Wholesale and retail trade; repair of motor vehicles & motorcycles,2019/20-Q3,79504.0,2019/20,Q3,2019,1,2020,2020-01-01
729,H,Transportation and storage,2019/20-Q3,32018.0,2019/20,Q3,2019,1,2020,2020-01-01
730,I,Accommodation and food service activities,2019/20-Q3,3491.0,2019/20,Q3,2019,1,2020,2020-01-01
731,J,Information and communication,2019/20-Q3,20286.0,2019/20,Q3,2019,1,2020,2020-01-01
732,K,Financial and insurance activities,2019/20-Q3,31014.0,2019/20,Q3,2019,1,2020,2020-01-01
733,L,Real estate activities,2019/20-Q3,43074.0,2019/20,Q3,2019,1,2020,2020-01-01
734,M,"Professional, scientific and technical activities",2019/20-Q3,4882.0,2019/20,Q3,2019,1,2020,2020-01-01
735,N,Administrative and support service activities,2019/20-Q3,3856.0,2019/20,Q3,2019,1,2020,2020-01-01
736,O,Public administration and defence; compulsory social security,2019/20-Q3,26541.0,2019/20,Q3,2019,1,2020,2020-01-01
737,P,Education,2019/20-Q3,33062.0,2019/20,Q3,2019,1,2020,2020-01-01
738,Q,Human health and social work activities,2019/20-Q3,7013.0,2019/20,Q3,2019,1,2020,2020-01-01
739,"R, S, T","Arts, entertainment and recreation; Other service activities; and Activities of households as employers",2019/20-Q3,2490.77012033053,2019/20,Q3,2019,1,2020,2020-01-01
741,A,"Agriculture, forestry and fishing",2019/20-Q4,155804.0,2019/20,Q4,2019,4,2020,2020-04-01
742,B,Mining and quarrying,2019/20-Q4,2783.0,2019/20,Q4,2019,4,2020,2020-04-01
743,C,Manufacturing,2019/20-Q4,23370.0,2019/20,Q4,2019,4,2020,2020-04-01
744,D,"Electricity, gas, steam and air conditioning supply",2019/20-Q4,7761.0,2019/20,Q4,2019,4,2020,2020-04-01
745,E,"Water supply; sewerage, waste management ",2019/20-Q4,3997.0,2019/20,Q4,2019,4,2020,2020-04-01
746,F,Construction,2019/20-Q4,27257.0,2019/20,Q4,2019,4,2020,2020-04-01
747,G,Wholesale and retail trade; repair of motor vehicles & motorcycles,2019/20-Q4,56048.0,2019/20,Q4,2019,4,2020,2020-04-01
748,H,Transportation and storage,2019/20-Q4,29298.0,2019/20,Q4,2019,4,2020,2020-04-01
749,I,Accommodation and food service activities,2019/20-Q4,3341.0,2019/20,Q4,2019,4,2020,2020-04-01
750,J,Information and communication,2019/20-Q4,18554.0,2019/20,Q4,2019,4,2020,2020-04-01
751,K,Financial and insurance activities,2019/20-Q4,29876.0,2019/20,Q4,2019,4,2020,2020-04-01
752,L,Real estate activities,2019/20-Q4,43362.0,2019/20,Q4,2019,4,2020,2020-04-01
753,M,"Professional, scientific and technical activities",2019/20-Q4,4898.0,2019/20,Q4,2019,4,2020,2020-04-01
754,N,Administrative and support service activities,2019/20-Q4,3922.0,2019/20,Q4,2019,4,2020,2020-04-01
755,O,Public administration and defence; compulsory social security,2019/20-Q4,22981.0,2019/20,Q4,2019,4,2020,2020-04-01
756,P,Education,2019/20-Q4,27371.0,2019/20,Q4,2019,4,2020,2020-04-01
757,Q,Human health and social work activities,2019/20-Q4,7097.0,2019/20,Q4,2019,4,2020,2020-04-01
758,"R, S, T","Arts, entertainment and recreation; Other service activities; and Activities of households as employers",2019/20-Q4,2433.77012033053,2019/20,Q4,2019,4,2020,2020-04-01
760,A,"Agriculture, forestry and fishing",2020/21-Q1,160904.0,2020/21,Q1,2020,7,2020,2020-07-01
761,B,Mining and quarrying,2020/21-Q1,3697.0,2020/21,Q1,2020,7,2020,2020-07-01
762,C,Manufacturing,2020/21-Q1,30001.0,2020/21,Q1,2020,7,2020,2020-07-01
763,D,"Electricity, gas, steam and air conditioning supply",2020/21-Q1,7484.0,2020/21,Q1,2020,7,2020,2020-07-01
764,E,"Water supply; sewerage, waste management ",2020/21-Q1,4078.0,2020/21,Q1,2020,7,2020,2020-07-01
765,F,Construction,2020/21-Q1,36850.0,2020/21,Q1,2020,7,2020,2020-07-01
766,G,Wholesale and retail trade; repair of motor vehicles & motorcycles,2020/21-Q1,93992.0,2020/21,Q1,2020,7,2020,2020-07-01
767,H,Transportation and storage,2020/21-Q1,30305.0,2020/21,Q1,2020,7,2020,2020-07-01
768,I,Accommodation and food service activities,2020/21-Q1,5297.0,2020/21,Q1,2020,7,2020,2020-07-01
769,J,Information and communication,2020/21-Q1,19751.0,2020/21,Q1,2020,7,2020,2020-07-01
770,K,Financial and insurance activities,2020/21-Q1,24971.0,2020/21,Q1,2020,7,2020,2020-07-01
771,L,Real estate activities,2020/21-Q1,43506.0,2020/21,Q1,2020,7,2020,2020-07-01
772,M,"Professional, scientific and technical activities",2020/21-Q1,4900.0,2020/21,Q1,2020,7,2020,2020-07-01
773,N,Administrative and support service activities,2020/21-Q1,3925.0,2020/21,Q1,2020,7,2020,2020-07-01
774,O,Public administration and defence; compulsory social security,2020/21-Q1,25230.0,2020/21,Q1,2020,7,2020,2020-07-01
775,P,Education,2020/21-Q1,30674.0,2020/21,Q1,2020,7,2020,2020-07-01
776,Q,Human health and social work activities,2020/21-Q1,7524.0,2020/21,Q1,2020,7,2020,2020-07-01
777,"R, S, T","Arts, entertainment and recreation; Other service activities; and Activities of households as employers",2020/21-Q1,2527.81020330952,2020/21,Q1,2020,7,2020,2020-07-01
779,A,"Agriculture, forestry and fishing",2020/21-Q2,159208.0,2020/21,Q2,2020,10,2020,2020-10-01
780,B,Mining and quarrying,2020/21-Q2,3918.0,2020/21,Q2,2020,10,2020,2020-10-01
781,C,Manufacturing,2020/21-Q2,31087.0,2020/21,Q2,2020,10,2020,2020-10-01
782,D,"Electricity, gas, steam and air conditioning supply",2020/21-Q2,7704.0,2020/21,Q2,2020,10,2020,2020-10-01
783,E,"Water supply; sewerage, waste management ",2020/21-Q2,4035.0,2020/21,Q2,2020,10,2020,2020-10-01
784,F,Construction,2020/21-Q2,40684.0,2020/21,Q2,2020,10,2020,2020-10-01
785,G,Wholesale and retail trade; repair of motor vehicles & motorcycles,2020/21-Q2,85313.0,2020/21,Q2,2020,10,2020,2020-10-01
786,H,Transportation and storage,2020/21-Q2,29386.0,2020/21,Q2,2020,10,2020,2020-10-01
787,I,Accommodation and food service activities,2020/21-Q2,6891.0,2020/21,Q2,2020,10,2020,2020-10-01
788,J,Information and communication,2020/21-Q2,20469.0,2020/21,Q2,2020,10,2020,2020-10-01
789,K,Financial and insurance activities,2020/21-Q2,27894.0,2020/21,Q2,2020,10,2020,2020-10-01
790,L,Real estate activities,2020/21-Q2,43746.0,2020/21,Q2,2020,10,2020,2020-10-01
791,M,"Professional, scientific and technical activities",2020/21-Q2,4916.0,2020/21,Q2,2020,10,2020,2020-10-01
792,N,Administrative and support service activities,2020/21-Q2,3917.0,2020/21,Q2,2020,10,2020,2020-10-01
793,O,Public administration and defence; compulsory social security,2020/21-Q2,25661.0,2020/21,Q2,2020,10,2020,2020-10-01
794,P,Education,2020/21-Q2,31527.0,2020/21,Q2,2020,10,2020,2020-10-01
795,Q,Human health and social work activities,2020/21-Q2,6940.0,2020/21,Q2,2020,10,2020,2020-10-01
796,"R, S, T","Arts, entertainment and recreation; Other service activities; and Activities of households as employers",2020/21-Q2,2572.81020330952,2020/21,Q2,2020,10,2020,2020-10-01
798,A,"Agriculture, forestry and fishing",2020/21-Q3,161879.0,2020/21,Q3,2020,1,2021,2021-01-01
799,B,Mining and quarrying,2020/21-Q3,3986.0,2020/21,Q3,2020,1,2021,2021-01-01
800,C,Manufacturing,2020/21-Q3,31480.0,2020/21,Q3,2020,1,2021,2021-01-01
801,D,"Electricity, gas, steam and air conditioning supply",2020/21-Q3,7256.0,2020/21,Q3,2020,1,2021,2021-01-01
802,E,"Water supply; sewerage, waste management ",2020/21-Q3,3969.0,2020/21,Q3,2020,1,2021,2021-01-01
803,F,Construction,2020/21-Q3,39759.0,2020/21,Q3,2020,1,2021,2021-01-01
804,G,Wholesale and retail trade; repair of motor vehicles & motorcycles,2020/21-Q3,91040.0,2020/21,Q3,2020,1,2021,2021-01-01
805,H,Transportation and storage,2020/21-Q3,29449.0,2020/21,Q3,2020,1,2021,2021-01-01
806,I,Accommodation and food service activities,2020/21-Q3,8280.0,2020/21,Q3,2020,1,2021,2021-01-01
807,J,Information and communication,2020/21-Q3,21499.0,2020/21,Q3,2020,1,2021,2021-01-01
808,K,Financial and insurance activities,2020/21-Q3,31983.0,2020/21,Q3,2020,1,2021,2021-01-01
809,L,Real estate activities,2020/21-Q3,44042.0,2020/21,Q3,2020,1,2021,2021-01-01
810,M,"Professional, scientific and technical activities",2020/21-Q3,4964.0,2020/21,Q3,2020,1,2021,2021-01-01
811,N,Administrative and support service activities,2020/21-Q3,3850.0,2020/21,Q3,2020,1,2021,2021-01-01
812,O,Public administration and defence; compulsory social security,2020/21-Q3,27133.0,2020/21,Q3,2020,1,2021,2021-01-01
813,P,Education,2020/21-Q3,33884.0,2020/21,Q3,2020,1,2021,2021-01-01
814,Q,Human health and social work activities,2020/21-Q3,7538.0,2020/21,Q3,2020,1,2021,2021-01-01
815,"R, S, T","Arts, entertainment and recreation; Other service activities; and Activities of households as employers",2020/21-Q3,2589.81020330952,2020/21,Q3,2020,1,2021,2021-01-01
817,A,"Agriculture, forestry and fishing",2020/21-Q4,165274.0,2020/21,Q4,2020,4,2021,2021-04-01
818,B,Mining and quarrying,2020/21-Q4,3864.0,2020/21,Q4,2020,4,2021,2021-04-01
819,C,Manufacturing,2020/21-Q4,30322.0,2020/21,Q4,2020,4,2021,2021-04-01
820,D,"Electricity, gas, steam and air conditioning supply",2020/21-Q4,6999.0,2020/21,Q4,2020,4,2021,2021-04-01
821,E,"Water supply; sewerage, waste management ",2020/21-Q4,3927.0,2020/21,Q4,2020,4,2021,2021-04-01
822,F,Construction,2020/21-Q4,38811.0,2020/21,Q4,2020,4,2021,2021-04-01
823,G,Wholesale and retail trade; repair of motor vehicles & motorcycles,2020/21-Q4,62504.0,2020/21,Q4,2020,4,2021,2021-04-01
824,H,Transportation and storage,2020/21-Q4,29799.0,2020/21,Q4,2020,4,2021,2021-04-01
825,I,Accommodation and food service activities,2020/21-Q4,6765.0,2020/21,Q4,2020,4,2021,2021-04-01
826,J,Information and communication,2020/21-Q4,20965.0,2020/21,Q4,2020,4,2021,2021-04-01
827,K,Financial and insurance activities,2020/21-Q4,30831.0,2020/21,Q4,2020,4,2021,2021-04-01
828,L,Real estate activities,2020/21-Q4,44344.0,2020/21,Q4,2020,4,2021,2021-04-01
829,M,"Professional, scientific and technical activities",2020/21-Q4,4965.0,2020/21,Q4,2020,4,2021,2021-04-01
830,N,Administrative and support service activities,2020/21-Q4,3854.0,2020/21,Q4,2020,4,2021,2021-04-01
831,O,Public administration and defence; compulsory social security,2020/21-Q4,27170.0,2020/21,Q4,2020,4,2021,2021-04-01
832,P,Education,2020/21-Q4,32703.0,2020/21,Q4,2020,4,2021,2021-04-01
833,Q,Human health and social work activities,2020/21-Q4,7359.0,2020/21,Q4,2020,4,2021,2021-04-01
834,"R, S, T","Arts, entertainment and recreation; Other service activities; and Activities of households as employers",2020/21-Q4,2679.81020330952,2020/21,Q4,2020,4,2021,2021-04-01
836,A,"Agriculture, forestry and fishing",2021/22-Q1,164965.0,2021/22,Q1,2021,7,2021,2021-07-01
837,B,Mining and quarrying,2021/22-Q1,4107.0,2021/22,Q1,2021,7,2021,2021-07-01
838,C,Manufacturing,2021/22-Q1,32072.0,2021/22,Q1,2021,7,2021,2021-07-01
839,D,"Electricity, gas, steam and air conditioning supply",2021/22-Q1,9406.0,2021/22,Q1,2021,7,2021,2021-07-01
840,E,"Water supply; sewerage, waste management ",2021/22-Q1,3999.0,2021/22,Q1,2021,7,2021,2021-07-01
841,F,Construction,2021/22-Q1,39567.0,2021/22,Q1,2021,7,2021,2021-07-01
842,G,Wholesale and retail trade; repair of motor vehicles & motorcycles,2021/22-Q1,85433.0,2021/22,Q1,2021,7,2021,2021-07-01
843,H,Transportation and storage,2021/22-Q1,32736.0,2021/22,Q1,2021,7,2021,2021-07-01
844,I,Accommodation and food service activities,2021/22-Q1,5886.0,2021/22,Q1,2021,7,2021,2021-07-01
845,J,Information and communication,2021/22-Q1,21134.0,2021/22,Q1,2021,7,2021,2021-07-01
846,K,Financial and insurance activities,2021/22-Q1,29748.0,2021/22,Q1,2021,7,2021,2021-07-01
847,L,Real estate activities,2021/22-Q1,45160.0,2021/22,Q1,2021,7,2021,2021-07-01
848,M,"Professional, scientific and technical activities",2021/22-Q1,5037.0,2021/22,Q1,2021,7,2021,2021-07-01
849,N,Administrative and support service activities,2021/22-Q1,3918.0,2021/22,Q1,2021,7,2021,2021-07-01
850,O,Public administration and defence; compulsory social security,2021/22-Q1,27225.0,2021/22,Q1,2021,7,2021,2021-07-01
851,P,Education,2021/22-Q1,33831.0,2021/22,Q1,2021,7,2021,2021-07-01
852,Q,Human health and social work activities,2021/22-Q1,7504.0,2021/22,Q1,2021,7,2021,2021-07-01
853,"R, S, T","Arts, entertainment and recreation; Other service activities; and Activities of households as employers",2021/22-Q1,2635.80062181991,2021/22,Q1,2021,7,2021,2021-07-01
855,A,"Agriculture, forestry and fishing",2021/22-Q2,165298.0,2021/22,Q2,2021,10,2021,2021-10-01
856,B,Mining and quarrying,2021/22-Q2,4060.0,2021/22,Q2,2021,10,2021,2021-10-01
857,C,Manufacturing,2021/22-Q2,32712.0,2021/22,Q2,2021,10,2021,2021-10-01
858,D,"Electricity, gas, steam and air conditioning supply",2021/22-Q2,10770.0,2021/22,Q2,2021,10,2021,2021-10-01
859,E,"Water supply; sewerage, waste management ",2021/22-Q2,4098.0,2021/22,Q2,2021,10,2021,2021-10-01
860,F,Construction,2021/22-Q2,42309.0,2021/22,Q2,2021,10,2021,2021-10-01
861,G,Wholesale and retail trade; repair of motor vehicles & motorcycles,2021/22-Q2,95575.0,2021/22,Q2,2021,10,2021,2021-10-01
862,H,Transportation and storage,2021/22-Q2,30844.0,2021/22,Q2,2021,10,2021,2021-10-01
863,I,Accommodation and food service activities,2021/22-Q2,7429.0,2021/22,Q2,2021,10,2021,2021-10-01
864,J,Information and communication,2021/22-Q2,21210.0,2021/22,Q2,2021,10,2021,2021-10-01
865,K,Financial and insurance activities,2021/22-Q2,30276.0,2021/22,Q2,2021,10,2021,2021-10-01
866,L,Real estate activities,2021/22-Q2,45417.0,2021/22,Q2,2021,10,2021,2021-10-01
867,M,"Professional, scientific and technical activities",2021/22-Q2,5110.0,2021/22,Q2,2021,10,2021,2021-10-01
868,N,Administrative and support service activities,2021/22-Q2,3947.0,2021/22,Q2,2021,10,2021,2021-10-01
869,O,Public administration and defence; compulsory social security,2021/22-Q2,27611.0,2021/22,Q2,2021,10,2021,2021-10-01
870,P,Education,2021/22-Q2,33478.0,2021/22,Q2,2021,10,2021,2021-10-01
871,Q,Human health and social work activities,2021/22-Q2,7660.0,2021/22,Q2,2021,10,2021,2021-10-01
872,"R, S, T","Arts, entertainment and recreation; Other service activities; and Activities of households as employers",2021/22-Q2,2707.80062181991,2021/22,Q2,2021,10,2021,2021-10-01
874,A,"Agriculture, forestry and fishing",2021/22-Q3,165514.0,2021/22,Q3,2021,1,2022,2022-01-01
875,B,Mining and quarrying,2021/22-Q3,4450.0,2021/22,Q3,2021,1,2022,2022-01-01
876,C,Manufacturing,2021/22-Q3,33165.0,2021/22,Q3,2021,1,2022,2022-01-01
877,D,"Electricity, gas, steam and air conditioning supply",2021/22-Q3,13003.0,2021/22,Q3,2021,1,2022,2022-01-01
878,E,"Water supply; sewerage, waste management ",2021/22-Q3,4230.0,2021/22,Q3,2021,1,2022,2022-01-01
879,F,Construction,2021/22-Q3,43775.0,2021/22,Q3,2021,1,2022,2022-01-01
880,G,Wholesale and retail trade; repair of motor vehicles & motorcycles,2021/22-Q3,89258.0,2021/22,Q3,2021,1,2022,2022-01-01
881,H,Transportation and storage,2021/22-Q3,29602.0,2021/22,Q3,2021,1,2022,2022-01-01
882,I,Accommodation and food service activities,2021/22-Q3,8685.0,2021/22,Q3,2021,1,2022,2022-01-01
883,J,Information and communication,2021/22-Q3,21213.0,2021/22,Q3,2021,1,2022,2022-01-01
884,K,Financial and insurance activities,2021/22-Q3,30344.0,2021/22,Q3,2021,1,2022,2022-01-01
885,L,Real estate activities,2021/22-Q3,45726.0,2021/22,Q3,2021,1,2022,2022-01-01
886,M,"Professional, scientific and technical activities",2021/22-Q3,5131.0,2021/22,Q3,2021,1,2022,2022-01-01
887,N,Administrative and support service activities,2021/22-Q3,4025.0,2021/22,Q3,2021,1,2022,2022-01-01
888,O,Public administration and defence; compulsory social security,2021/22-Q3,26914.0,2021/22,Q3,2021,1,2022,2022-01-01
889,P,Education,2021/22-Q3,33295.0,2021/22,Q3,2021,1,2022,2022-01-01
890,Q,Human health and social work activities,2021/22-Q3,7905.0,2021/22,Q3,2021,1,2022,2022-01-01
891,"R, S, T","Arts, entertainment and recreation; Other service activities; and Activities of households as employers",2021/22-Q3,2760.80062181991,2021/22,Q3,2021,1,2022,2022-01-01
893,A,"Agriculture, forestry and fishing",2021/22-Q4,166652.0,2021/22,Q4,2021,4,2022,2022-04-01
894,B,Mining and quarrying,2021/22-Q4,4206.0,2021/22,Q4,2021,4,2022,2022-04-01
895,C,Manufacturing,2021/22-Q4,32971.0,2021/22,Q4,2021,4,2022,2022-04-01
896,D,"Electricity, gas, steam and air conditioning supply",2021/22-Q4,13099.0,2021/22,Q4,2021,4,2022,2022-04-01
897,E,"Water supply; sewerage, waste management ",2021/22-Q4,4210.0,2021/22,Q4,2021,4,2022,2022-04-01
898,F,Construction,2021/22-Q4,41212.0,2021/22,Q4,2021,4,2022,2022-04-01
899,G,Wholesale and retail trade; repair of motor vehicles & motorcycles,2021/22-Q4,86253.0,2021/22,Q4,2021,4,2022,2022-04-01
900,H,Transportation and storage,2021/22-Q4,30883.0,2021/22,Q4,2021,4,2022,2022-04-01
901,I,Accommodation and food service activities,2021/22-Q4,8147.0,2021/22,Q4,2021,4,2022,2022-04-01
902,J,Information and communication,2021/22-Q4,22588.0,2021/22,Q4,2021,4,2022,2022-04-01
903,K,Financial and insurance activities,2021/22-Q4,35507.0,2021/22,Q4,2021,4,2022,2022-04-01
904,L,Real estate activities,2021/22-Q4,46051.0,2021/22,Q4,2021,4,2022,2022-04-01
905,M,"Professional, scientific and technical activities",2021/22-Q4,5192.0,2021/22,Q4,2021,4,2022,2022-04-01
906,N,Administrative and support service activities,2021/22-Q4,3992.0,2021/22,Q4,2021,4,2022,2022-04-01
907,O,Public administration and defence; compulsory social security,2021/22-Q4,27764.0,2021/22,Q4,2021,4,2022,2022-04-01
908,P,Education,2021/22-Q4,34205.0,2021/22,Q4,2021,4,2022,2022-04-01
909,Q,Human health and social work activities,2021/22-Q4,8138.0,2021/22,Q4,2021,4,2022,2022-04-01
910,"R, S, T","Arts, entertainment and recreation; Other service activities; and Activities of households as employers",2021/22-Q4,2728.80062181991,2021/22,Q4,2021,4,2022,2022-04-01
912,A,"Agriculture, forestry and fishing",2022/23-Q1,169700.0,2022/23,Q1,2022,7,2022,2022-07-01
913,B,Mining and quarrying,2022/23-Q1,4010.0,2022/23,Q1,2022,7,2022,2022-07-01
914,C,Manufacturing,2022/23-Q1,31444.0,2022/23,Q1,2022,7,2022,2022-07-01
915,D,"Electricity, gas, steam and air conditioning supply",2022/23-Q1,12383.0,2022/23,Q1,2022,7,2022,2022-07-01
916,E,"Water supply; sewerage, waste management ",2022/23-Q1,4117.0,2022/23,Q1,2022,7,2022,2022-07-01
917,F,Construction,2022/23-Q1,41259.0,2022/23,Q1,2022,7,2022,2022-07-01
918,G,Wholesale and retail trade; repair of motor vehicles & motorcycles,2022/23-Q1,85572.0,2022/23,Q1,2022,7,2022,2022-07-01
919,H,Transportation and storage,2022/23-Q1,33031.0,2022/23,Q1,2022,7,2022,2022-07-01
920,I,Accommodation and food service activities,2022/23-Q1,9205.0,2022/23,Q1,2022,7,2022,2022-07-01
921,J,Information and communication,2022/23-Q1,22345.0,2022/23,Q1,2022,7,2022,2022-07-01
922,K,Financial and insurance activities,2022/23-Q1,33458.0,2022/23,Q1,2022,7,2022,2022-07-01
923,L,Real estate activities,2022/23-Q1,45432.6985247659,2022/23,Q1,2022,7,2022,2022-07-01
924,M,"Professional, scientific and technical activities",2022/23-Q1,5229.0,2022/23,Q1,2022,7,2022,2022-07-01
925,N,Administrative and support service activities,2022/23-Q1,4083.0,2022/23,Q1,2022,7,2022,2022-07-01
926,O,Public administration and defence; compulsory social security,2022/23-Q1,28592.0,2022/23,Q1,2022,7,2022,2022-07-01
927,P,Education,2022/23-Q1,34744.0,2022/23,Q1,2022,7,2022,2022-07-01
928,Q,Human health and social work activities,2022/23-Q1,8275.0,2022/23,Q1,2022,7,2022,2022-07-01
929,"R, S, T","Arts, entertainment and recreation; Other service activities; and Activities of households as employers",2022/23-Q1,2942.82647373073,2022/23,Q1,2022,7,2022,2022-07-01
931,A,"Agriculture, forestry and fishing",2022/23-Q2,169875.0,2022/23,Q2,2022,10,2022,2022-10-01
932,B,Mining and quarrying,2022/23-Q2,4171.0,2022/23,Q2,2022,10,2022,2022-10-01
933,C,Manufacturing,2022/23-Q2,31807.0,2022/23,Q2,2022,10,2022,2022-10-01
934,D,"Electricity, gas, steam and air conditioning supply",2022/23-Q2,12229.0,2022/23,Q2,2022,10,2022,2022-10-01
935,E,"Water supply; sewerage, waste management ",2022/23-Q2,4260.0,2022/23,Q2,2022,10,2022,2022-10-01
936,F,Construction,2022/23-Q2,35760.0,2022/23,Q2,2022,10,2022,2022-10-01
937,G,Wholesale and retail trade; repair of motor vehicles & motorcycles,2022/23-Q2,81952.0,2022/23,Q2,2022,10,2022,2022-10-01
938,H,Transportation and storage,2022/23-Q2,30260.0,2022/23,Q2,2022,10,2022,2022-10-01
939,I,Accommodation and food service activities,2022/23-Q2,7525.0,2022/23,Q2,2022,10,2022,2022-10-01
940,J,Information and communication,2022/23-Q2,22056.0,2022/23,Q2,2022,10,2022,2022-10-01
941,K,Financial and insurance activities,2022/23-Q2,32796.0,2022/23,Q2,2022,10,2022,2022-10-01
942,L,Real estate activities,2022/23-Q2,45693.2456476092,2022/23,Q2,2022,10,2022,2022-10-01
943,M,"Professional, scientific and technical activities",2022/23-Q2,5290.0,2022/23,Q2,2022,10,2022,2022-10-01
944,N,Administrative and support service activities,2022/23-Q2,4183.0,2022/23,Q2,2022,10,2022,2022-10-01
945,O,Public administration and defence; compulsory social security,2022/23-Q2,29141.0,2022/23,Q2,2022,10,2022,2022-10-01
946,P,Education,2022/23-Q2,35580.0,2022/23,Q2,2022,10,2022,2022-10-01
947,Q,Human health and social work activities,2022/23-Q2,8317.0,2022/23,Q2,2022,10,2022,2022-10-01
948,"R, S, T","Arts, entertainment and recreation; Other service activities; and Activities of households as employers",2022/23-Q2,2888.82647373073,2022/23,Q2,2022,10,2022,2022-10-01
950,A,"Agriculture, forestry and fishing",2022/23-Q3,171299.0,2022/23,Q3,2022,1,2023,2023-01-01
951,B,Mining and quarrying,2022/23-Q3,4359.0,2022/23,Q3,2022,1,2023,2023-01-01
952,C,Manufacturing,2022/23-Q3,32617.0,2022/23,Q3,2022,1,2023,2023-01-01
953,D,"Electricity, gas, steam and air conditioning supply",2022/23-Q3,10489.0,2022/23,Q3,2022,1,2023,2023-01-01
954,E,"Water supply; sewerage, waste management ",2022/23-Q3,4327.0,2022/23,Q3,2022,1,2023,2023-01-01
955,F,Construction,2022/23-Q3,41169.0,2022/23,Q3,2022,1,2023,2023-01-01
956,G,Wholesale and retail trade; repair of motor vehicles & motorcycles,2022/23-Q3,87894.0,2022/23,Q3,2022,1,2023,2023-01-01
957,H,Transportation and storage,2022/23-Q3,30057.0,2022/23,Q3,2022,1,2023,2023-01-01
958,I,Accommodation and food service activities,2022/23-Q3,8824.0,2022/23,Q3,2022,1,2023,2023-01-01
959,J,Information and communication,2022/23-Q3,22280.0,2022/23,Q3,2022,1,2023,2023-01-01
960,K,Financial and insurance activities,2022/23-Q3,37797.0,2022/23,Q3,2022,1,2023,2023-01-01
961,L,Real estate activities,2022/23-Q3,46004.0926004608,2022/23,Q3,2022,1,2023,2023-01-01
962,M,"Professional, scientific and technical activities",2022/23-Q3,5346.0,2022/23,Q3,2022,1,2023,2023-01-01
963,N,Administrative and support service activities,2022/23-Q3,4221.0,2022/23,Q3,2022,1,2023,2023-01-01
964,O,Public administration and defence; compulsory social security,2022/23-Q3,30134.0,2022/23,Q3,2022,1,2023,2023-01-01
965,P,Education,2022/23-Q3,34508.0,2022/23,Q3,2022,1,2023,2023-01-01
966,Q,Human health and social work activities,2022/23-Q3,8316.0,2022/23,Q3,2022,1,2023,2023-01-01
967,"R, S, T","Arts, entertainment and recreation; Other service activities; and Activities of households as employers",2022/23-Q3,2870.82647373073,2022/23,Q3,2022,1,2023,2023-01-01
969,A,"Agriculture, forestry and fishing",2022/23-Q4,169855.0,2022/23,Q4,2022,4,2023,2023-04-01
970,B,Mining and quarrying,2022/23-Q4,4442.0,2022/23,Q4,2022,4,2023,2023-04-01
971,C,Manufacturing,2022/23-Q4,32506.0,2022/23,Q4,2022,4,2023,2023-04-01
972,D,"Electricity, gas, steam and air conditioning supply",2022/23-Q4,17656.0,2022/23,Q4,2022,4,2023,2023-04-01
973,E,"Water supply; sewerage, waste management ",2022/23-Q4,4374.0,2022/23,Q4,2022,4,2023,2023-04-01
974,F,Construction,2022/23-Q4,46895.0,2022/23,Q4,2022,4,2023,2023-04-01
975,G,Wholesale and retail trade; repair of motor vehicles & motorcycles,2022/23-Q4,89913.0,2022/23,Q4,2022,4,2023,2023-04-01
976,H,Transportation and storage,2022/23-Q4,32182.0,2022/23,Q4,2022,4,2023,2023-04-01
977,I,Accommodation and food service activities,2022/23-Q4,9995.0,2022/23,Q4,2022,4,2023,2023-04-01
978,J,Information and communication,2022/23-Q4,23010.0,2022/23,Q4,2022,4,2023,2023-04-01
979,K,Financial and insurance activities,2022/23-Q4,29494.0,2022/23,Q4,2022,4,2023,2023-04-01
980,L,Real estate activities,2022/23-Q4,46329.0235057147,2022/23,Q4,2022,4,2023,2023-04-01
981,M,"Professional, scientific and technical activities",2022/23-Q4,5402.0,2022/23,Q4,2022,4,2023,2023-04-01
982,N,Administrative and support service activities,2022/23-Q4,4220.0,2022/23,Q4,2022,4,2023,2023-04-01
983,O,Public administration and defence; compulsory social security,2022/23-Q4,27930.0,2022/23,Q4,2022,4,2023,2023-04-01
984,P,Education,2022/23-Q4,35245.0,2022/23,Q4,2022,4,2023,2023-04-01
985,Q,Human health and social work activities,2022/23-Q4,8552.0,2022/23,Q4,2022,4,2023,2023-04-01
986,"R, S, T","Arts, entertainment and recreation; Other service activities; and Activities of households as employers",2022/23-Q4,2882.82647373073,2022/23,Q4,2022,4,2023,2023-04-01
988,A,"Agriculture, forestry and fishing",2023/24-Q1,171693.0,2023/24,Q1,2023,7,2023,2023-07-01
989,B,Mining and quarrying,2023/24-Q1,4281.0,2023/24,Q1,2023,7,2023,2023-07-01
990,C,Manufacturing,2023/24-Q1,31747.0,2023/24,Q1,2023,7,2023,2023-07-01
991,D,"Electricity, gas, steam and air conditioning supply",2023/24-Q1,15044.0,2023/24,Q1,2023,7,2023,2023-07-01
992,E,"Water supply; sewerage, waste management ",2023/24-Q1,4317.0,2023/24,Q1,2023,7,2023,2023-07-01
993,F,Construction,2023/24-Q1,41341.0,2023/24,Q1,2023,7,2023,2023-07-01
994,G,Wholesale and retail trade; repair of motor vehicles & motorcycles,2023/24-Q1,85929.0,2023/24,Q1,2023,7,2023,2023-07-01
995,H,Transportation and storage,2023/24-Q1,34099.0,2023/24,Q1,2023,7,2023,2023-07-01
996,I,Accommodation and food service activities,2023/24-Q1,10524.0,2023/24,Q1,2023,7,2023,2023-07-01
997,J,Information and communication,2023/24-Q1,23842.0,2023/24,Q1,2023,7,2023,2023-07-01
998,K,Financial and insurance activities,2023/24-Q1,36761.0,2023/24,Q1,2023,7,2023,2023-07-01
999,L,Real estate activities,2023/24-Q1,46791.6827017837,2023/24,Q1,2023,7,2023,2023-07-01
1000,M,"Professional, scientific and technical activities",2023/24-Q1,5425.0,2023/24,Q1,2023,7,2023,2023-07-01
1001,N,Administrative and support service activities,2023/24-Q1,4245.0,2023/24,Q1,2023,7,2023,2023-07-01
1002,O,Public administration and defence; compulsory social security,2023/24-Q1,29420.0,2023/24,Q1,2023,7,2023,2023-07-01
1003,P,Education,2023/24-Q1,35494.0,2023/24,Q1,2023,7,2023,2023-07-01
1004,Q,Human health and social work activities,2023/24-Q1,8627.0,2023/24,Q1,2023,7,2023,2023-07-01
1005,"R, S, T","Arts, entertainment and recreation; Other service activities; and Activities of households as employers",2023/24-Q1,2909.24426594914,2023/24,Q1,2023,7,2023,2023-07-01
1007,A,"Agriculture, forestry and fishing",2023/24-Q2,175334.0,2023/24,Q2,2023,10,2023,2023-10-01
1008,B,Mining and quarrying,2023/24-Q2,4037.0,2023/24,Q2,2023,10,2023,2023-10-01
1009,C,Manufacturing,2023/24-Q2,30766.0,2023/24,Q2,2023,10,2023,2023-10-01
1010,D,"Electricity, gas, steam and air conditioning supply",2023/24-Q2,15657.0,2023/24,Q2,2023,10,2023,2023-10-01
1011,E,"Water supply; sewerage, waste management ",2023/24-Q2,4399.0,2023/24,Q2,2023,10,2023,2023-10-01
1012,F,Construction,2023/24-Q2,39504.0,2023/24,Q2,2023,10,2023,2023-10-01
1013,G,Wholesale and retail trade; repair of motor vehicles & motorcycles,2023/24-Q2,83935.0,2023/24,Q2,2023,10,2023,2023-10-01
1014,H,Transportation and storage,2023/24-Q2,35175.0,2023/24,Q2,2023,10,2023,2023-10-01
1015,I,Accommodation and food service activities,2023/24-Q2,10755.0,2023/24,Q2,2023,10,2023,2023-10-01
1016,J,Information and communication,2023/24-Q2,23798.0,2023/24,Q2,2023,10,2023,2023-10-01
1017,K,Financial and insurance activities,2023/24-Q2,38041.0,2023/24,Q2,2023,10,2023,2023-10-01
1018,L,Real estate activities,2023/24-Q2,47055.9568176195,2023/24,Q2,2023,10,2023,2023-10-01
1019,M,"Professional, scientific and technical activities",2023/24-Q2,5505.0,2023/24,Q2,2023,10,2023,2023-10-01
1020,N,Administrative and support service activities,2023/24-Q2,4290.0,2023/24,Q2,2023,10,2023,2023-10-01
1021,O,Public administration and defence; compulsory social security,2023/24-Q2,29945.0,2023/24,Q2,2023,10,2023,2023-10-01
1022,P,Education,2023/24-Q2,36382.0,2023/24,Q2,2023,10,2023,2023-10-01
1023,Q,Human health and social work activities,2023/24-Q2,8766.0,2023/24,Q2,2023,10,2023,2023-10-01
1024,"R, S, T","Arts, entertainment and recreation; Other service activities; and Activities of households as employers",2023/24-Q2,2952.24426594914,2023/24,Q2,2023,10,2023,2023-10-01
1026,A,"Agriculture, forestry and fishing",2023/24-Q3,176171.0,2023/24,Q3,2023,1,2024,2024-01-01
1027,B,Mining and quarrying,2023/24-Q3,3953.0,2023/24,Q3,2023,1,2024,2024-01-01
1028,C,Manufacturing,2023/24-Q3,31494.0,2023/24,Q3,2023,1,2024,2024-01-01
1029,D,"Electricity, gas, steam and air conditioning supply",2023/24-Q3,15956.0,2023/24,Q3,2023,1,2024,2024-01-01
1030,E,"Water supply; sewerage, waste management ",2023/24-Q3,4418.0,2023/24,Q3,2023,1,2024,2024-01-01
1031,F,Construction,2023/24-Q3,38482.0,2023/24,Q3,2023,1,2024,2024-01-01
1032,G,Wholesale and retail trade; repair of motor vehicles & motorcycles,2023/24-Q3,86363.0,2023/24,Q3,2023,1,2024,2024-01-01
1033,H,Transportation and storage,2023/24-Q3,35515.0,2023/24,Q3,2023,1,2024,2024-01-01
1034,I,Accommodation and food service activities,2023/24-Q3,11029.0,2023/24,Q3,2023,1,2024,2024-01-01
1035,J,Information and communication,2023/24-Q3,23750.0,2023/24,Q3,2023,1,2024,2024-01-01
1036,K,Financial and insurance activities,2023/24-Q3,37937.0,2023/24,Q3,2023,1,2024,2024-01-01
1037,L,Real estate activities,2023/24-Q3,47375.0282427258,2023/24,Q3,2023,1,2024,2024-01-01
1038,M,"Professional, scientific and technical activities",2023/24-Q3,5577.0,2023/24,Q3,2023,1,2024,2024-01-01
1039,N,Administrative and support service activities,2023/24-Q3,4354.0,2023/24,Q3,2023,1,2024,2024-01-01
1040,O,Public administration and defence; compulsory social security,2023/24-Q3,30557.0,2023/24,Q3,2023,1,2024,2024-01-01
1041,P,Education,2023/24-Q3,35648.0,2023/24,Q3,2023,1,2024,2024-01-01
1042,Q,Human health and social work activities,2023/24-Q3,8800.0,2023/24,Q3,2023,1,2024,2024-01-01
1043,"R, S, T","Arts, entertainment and recreation; Other service activities; and Activities of households as employers",2023/24-Q3,2975.24426594914,2023/24,Q3,2023,1,2024,2024-01-01
1045,A,"Agriculture, forestry and fishing",2023/24-Q4,178218.0,2023/24,Q4,2023,4,2024,2024-04-01
1046,B,Mining and quarrying,2023/24-Q4,5115.0,2023/24,Q4,2023,4,2024,2024-04-01
1047,C,Manufacturing,2023/24-Q4,32387.0,2023/24,Q4,2023,4,2024,2024-04-01
1048,D,"Electricity, gas, steam and air conditioning supply",2023/24-Q4,16873.0,2023/24,Q4,2023,4,2024,2024-04-01
1049,E,"Water supply; sewerage, waste management ",2023/24-Q4,4420.0,2023/24,Q4,2023,4,2024,2024-04-01
1050,F,Construction,2023/24-Q4,42384.0,2023/24,Q4,2023,4,2024,2024-04-01
1051,G,Wholesale and retail trade; repair of motor vehicles & motorcycles,2023/24-Q4,89976.0,2023/24,Q4,2023,4,2024,2024-04-01
1052,H,Transportation and storage,2023/24-Q4,35390.0,2023/24,Q4,2023,4,2024,2024-04-01
1053,I,Accommodation and food service activities,2023/24-Q4,11151.0,2023/24,Q4,2023,4,2024,2024-04-01
1054,J,Information and communication,2023/24-Q4,22673.0,2023/24,Q4,2023,4,2024,2024-04-01
1055,K,Financial and insurance activities,2023/24-Q4,36418.0,2023/24,Q4,2023,4,2024,2024-04-01
1056,L,Real estate activities,2023/24-Q4,47711.6029144279,2023/24,Q4,2023,4,2024,2024-04-01
1057,M,"Professional, scientific and technical activities",2023/24-Q4,5632.0,2023/24,Q4,2023,4,2024,2024-04-01
1058,N,Administrative and support service activities,2023/24-Q4,4468.0,2023/24,Q4,2023,4,2024,2024-04-01
1059,O,Public administration and defence; compulsory social security,2023/24-Q4,31069.0,2023/24,Q4,2023,4,2024,2024-04-01
1060,P,Education,2023/24-Q4,36331.0,2023/24,Q4,2023,4,2024,2024-04-01
1061,Q,Human health and social work activities,2023/24-Q4,8998.0,2023/24,Q4,2023,4,2024,2024-04-01
1062,"R, S, T","Arts, entertainment and recreation; Other service activities; and Activities of households as employers",2023/24-Q4,2996.24426594914,2023/24,Q4,2023,4,2024,2024-04-01
1064,A,"Agriculture, forestry and fishing",2024/25-Q1,177380.0,2024/25,Q1,2024,7,2024,2024-07-01
1065,B,Mining and quarrying,2024/25-Q1,4336.0,2024/25,Q1,2024,7,2024,2024-07-01
1066,C,Manufacturing,2024/25-Q1,32644.0,2024/25,Q1,2024,7,2024,2024-07-01
1067,D,"Electricity, gas, steam and air conditioning supply",2024/25-Q1,18092.0,2024/25,Q1,2024,7,2024,2024-07-01
1068,E,"Water supply; sewerage, waste management ",2024/25-Q1,4385.0,2024/25,Q1,2024,7,2024,2024-07-01
1069,F,Construction,2024/25-Q1,41792.0,2024/25,Q1,2024,7,2024,2024-07-01
1070,G,Wholesale and retail trade; repair of motor vehicles & motorcycles,2024/25-Q1,87286.0,2024/25,Q1,2024,7,2024,2024-07-01
1071,H,Transportation and storage,2024/25-Q1,37909.0,2024/25,Q1,2024,7,2024,2024-07-01
1072,I,Accommodation and food service activities,2024/25-Q1,11354.0,2024/25,Q1,2024,7,2024,2024-07-01
1073,J,Information and communication,2024/25-Q1,24338.0,2024/25,Q1,2024,7,2024,2024-07-01
1074,K,Financial and insurance activities,2024/25-Q1,38845.0,2024/25,Q1,2024,7,2024,2024-07-01
1075,L,Real estate activities,2024/25-Q1,48700.5177668825,2024/25,Q1,2024,7,2024,2024-07-01
1076,M,"Professional, scientific and technical activities",2024/25-Q1,5618.0,2024/25,Q1,2024,7,2024,2024-07-01
1077,N,Administrative and support service activities,2024/25-Q1,4415.0,2024/25,Q1,2024,7,2024,2024-07-01
1078,O,Public administration and defence; compulsory social security,2024/25-Q1,31112.0,2024/25,Q1,2024,7,2024,2024-07-01
1079,P,Education,2024/25-Q1,36375.0,2024/25,Q1,2024,7,2024,2024-07-01
1080,Q,Human health and social work activities,2024/25-Q1,9163.0,2024/25,Q1,2024,7,2024,2024-07-01
1081,"R, S, T","Arts, entertainment and recreation; Other service activities; and Activities of households as employers",2024/25-Q1,3010.24426594914,2024/25,Q1,2024,7,2024,2024-07-01
1083,A,"Agriculture, forestry and fishing",2024/25-Q2,181971.0,2024/25,Q2,2024,10,2024,2024-10-01
1084,B,Mining and quarrying,2024/25-Q2,4434.0,2024/25,Q2,2024,10,2024,2024-10-01
1085,C,Manufacturing,2024/25-Q2,33169.0,2024/25,Q2,2024,10,2024,2024-10-01
1086,D,"Electricity, gas, steam and air conditioning supply",2024/25-Q2,17231.0,2024/25,Q2,2024,10,2024,2024-10-01
1087,E,"Water supply; sewerage, waste management ",2024/25-Q2,4421.0,2024/25,Q2,2024,10,2024,2024-10-01
1088,F,Construction,2024/25-Q2,43108.0,2024/25,Q2,2024,10,2024,2024-10-01
1089,G,Wholesale and retail trade; repair of motor vehicles & motorcycles,2024/25-Q2,90217.0,2024/25,Q2,2024,10,2024,2024-10-01
1090,H,Transportation and storage,2024/25-Q2,40319.0,2024/25,Q2,2024,10,2024,2024-10-01
1091,I,Accommodation and food service activities,2024/25-Q2,11044.0,2024/25,Q2,2024,10,2024,2024-10-01
1092,J,Information and communication,2024/25-Q2,24966.0,2024/25,Q2,2024,10,2024,2024-10-01
1093,K,Financial and insurance activities,2024/25-Q2,40377.0,2024/25,Q2,2024,10,2024,2024-10-01
1094,L,Real estate activities,2024/25-Q2,48930.0,2024/25,Q2,2024,10,2024,2024-10-01
1095,M,"Professional, scientific and technical activities",2024/25-Q2,5637.0,2024/25,Q2,2024,10,2024,2024-10-01
1096,N,Administrative and support service activities,2024/25-Q2,4431.0,2024/25,Q2,2024,10,2024,2024-10-01
1097,O,Public administration and defence; compulsory social security,2024/25-Q2,31184.0,2024/25,Q2,2024,10,2024,2024-10-01
1098,P,Education,2024/25-Q2,36470.0,2024/25,Q2,2024,10,2024,2024-10-01
1099,Q,Human health and social work activities,2024/25-Q2,9294.0,2024/25,Q2,2024,10,2024,2024-10-01
1100,"R, S, T","Arts, entertainment and recreation; Other service activities; and Activities of households as employers",2024/25-Q2,3027.24426594914,2024/25,Q2,2024,10,2024,2024-10-01
1102,A,"Agriculture, forestry and fishing",2024/25-Q3,,2024/25,Q3,2024,1,2025,2025-01-01
1103,B,Mining and quarrying,2024/25-Q3,,2024/25,Q3,2024,1,2025,2025-01-01
1104,C,Manufacturing,2024/25-Q3,,2024/25,Q3,2024,1,2025,2025-01-01
1105,D,"Electricity, gas, steam and air conditioning supply",2024/25-Q3,,2024/25,Q3,2024,1,2025,2025-01-01
1106,E,"Water supply; sewerage, waste management ",2024/25-Q3,,2024/25,Q3,2024,1,2025,2025-01-01
1107,F,Construction,2024/25-Q3,,2024/25,Q3,2024,1,2025,2025-01-01
1108,G,Wholesale and retail trade; repair of motor vehicles & motorcycles,2024/25-Q3,,2024/25,Q3,2024,1,2025,2025-01-01
1109,H,Transportation and storage,2024/25-Q3,,2024/25,Q3,2024,1,2025,2025-01-01
1110,I,Accommodation and food service activities,2024/25-Q3,,2024/25,Q3,2024,1,2025,2025-01-01
1111,J,Information and communication,2024/25-Q3,,2024/25,Q3,2024,1,2025,2025-01-01
1112,K,Financial and insurance activities,2024/25-Q3,,2024/25,Q3,2024,1,2025,2025-01-01
1113,L,Real estate activities,2024/25-Q3,,2024/25,Q3,2024,1,2025,2025-01-01
1114,M,"Professional, scientific and technical activities",2024/25-Q3,,2024/25,Q3,2024,1,2025,2025-01-01
1115,N,Administrative and support service activities,2024/25-Q3,,2024/25,Q3,2024,1,2025,2025-01-01
1116,O,Public administration and defence; compulsory social security,2024/25-Q3,,2024/25,Q3,2024,1,2025,2025-01-01
1117,P,Education,2024/25-Q3,,2024/25,Q3,2024,1,2025,2025-01-01
1118,Q,Human health and social work activities,2024/25-Q3,,2024/25,Q3,2024,1,2025,2025-01-01
1119,"R, S, T","Arts, entertainment and recreation; Other service activities; and Activities of households as employers",2024/25-Q3,,2024/25,Q3,2024,1,2025,2025-01-01
1121,A,"Agriculture, forestry and fishing",2024/25-Q4,,2024/25,Q4,2024,4,2025,2025-04-01
1122,B,Mining and quarrying,2024/25-Q4,,2024/25,Q4,2024,4,2025,2025-04-01
1123,C,Manufacturing,2024/25-Q4,,2024/25,Q4,2024,4,2025,2025-04-01
1124,D,"Electricity, gas, steam and air conditioning supply",2024/25-Q4,,2024/25,Q4,2024,4,2025,2025-04-01
1125,E,"Water supply; sewerage, waste management ",2024/25-Q4,,2024/25,Q4,2024,4,2025,2025-04-01
1126,F,Construction,2024/25-Q4,,2024/25,Q4,2024,4,2025,2025-04-01
1127,G,Wholesale and retail trade; repair of motor vehicles & motorcycles,2024/25-Q4,,2024/25,Q4,2024,4,2025,2025-04-01
1128,H,Transportation and storage,2024/25-Q4,,2024/25,Q4,2024,4,2025,2025-04-01
1129,I,Accommodation and food service activities,2024/25-Q4,,2024/25,Q4,2024,4,2025,2025-04-01
1130,J,Information and communication,2024/25-Q4,,2024/25,Q4,2024,4,2025,2025-04-01
1131,K,Financial and insurance activities,2024/25-Q4,,2024/25,Q4,2024,4,2025,2025-04-01
1132,L,Real estate activities,2024/25-Q4,,2024/25,Q4,2024,4,2025,2025-04-01
1133,M,"Professional, scientific and technical activities",2024/25-Q4,,2024/25,Q4,2024,4,2025,2025-04-01
1134,N,Administrative and support service activities,2024/25-Q4,,2024/25,Q4,2024,4,2025,2025-04-01
1135,O,Public administration and defence; compulsory social security,2024/25-Q4,,2024/25,Q4,2024,4,2025,2025-04-01
1136,P,Education,2024/25-Q4,,2024/25,Q4,2024,4,2025,2025-04-01
1137,Q,Human health and social work activities,2024/25-Q4,,2024/25,Q4,2024,4,2025,2025-04-01
1138,"R, S, T","Arts, entertainment and recreation; Other service activities; and Activities of households as employers",2024/25-Q4,,2024/25,Q4,2024,4,2025,2025-04-01
